Country,Scotland,England,Wales,Local_Authority,Area_Code,Population_mid_2018,Area_sq_km,Density_People_sq_km,Local_Proportion_Decile_1_Z_Ind_IMD,Females_2018,Lives_In_Communal,BAME_Including_Jews,Over_1_5_Per_Room,Median_Age_2018,Obese_Z_Ind,Current_Smoking_Z_Ind,Ex_Smoker_Z_Ind,Tonnes_Port_Over_750,Passengers_To_From_Pop_Stand_Normalised,Age_Standardised_CVD_Deaths_U75_100000,Diabetes_Prevalence_Z_Ind,RA_Z_Ind,HTN_Z_Ind,COPD_Z_Ind,Cancer_Z_Ind,CKD_Z_Ind,Average_Humid_23_2_1_3_8_3_15_3,Average_tempHighCel_23_2_1_3_8_3_15_3,Coronavirus_Google_010220_190320,Dementia_Z_Ind,Self_Funders_2017,PM_2_5_Total_2018,Death_Registrations_Covid_Week_16,Death_Registrations_Covid_Week_16_Per_100000,Death_Registrations_Care_Home_Covid_Week_16,Death_Registrations_Care_Home_Covid_Week_16_Per_100000,Death_Registrations_Hospital_Covid_Week_16,Death_Registrations_Hospital_Covid_Week_16_Per_100000,Death_Registrations_Home_Covid_Week_16,Death_Registrations_Home_Covid_Week_16_Per_100000,Death_Registrations_OoHosp_Week_16,Death_Registrations_OoHosp_Week_16_Per_100000
Scotland,1,0,0,Aberdeen City,S12000033,227560,186,1223.441,-0.715,0.502,0.038,0.082,0.009,37.1,-1.551,0.575,-2.176,4138,0.267,94.8,-0.44,0,-0.623,-1.298,-0.945,-0.393,0.738,8.453,1.668,-0.044,0.33,5.9374,33,14.502,16,7.031,14,6.152,3,1.318,19,8.349
Scotland,1,0,0,Aberdeenshire,S12000034,261470,6313,41.418,-0.853,0.502,0.01,0.016,0.004,43.7,0.388,-1.264,0.356,1131,0.267,75.3,-0.44,0,-0.623,-1.298,-0.945,-0.393,0.728,7.168,-0.559,-0.044,0.34,5.1696,53,20.27,23,8.796,23,8.796,7,2.677,30,11.474
Scotland,1,0,0,Angus,S12000041,116040,2182,53.181,-0.771,0.513,0.013,0.013,0.005,46.8,,,,0,0.067,73.4,0.626,0,0.308,0.554,-0.273,-0.107,0.788,8.351,-0.559,1.35,0.37,5.584,23,19.821,13,11.203,8,6.894,2,1.724,15,12.927
Scotland,1,0,0,Argyll and Bute,S12000035,86260,6909,12.485,-0.36,0.502,0.028,0.013,0.005,49.3,,,,5943,0.2,86.7,-0.013,0.955,0.636,-0.769,1.07,0.608,0.835,6.225,-0.559,0.653,0.28,4.4557,28,32.46,6,6.956,17,19.708,5,5.796,11,12.752
Scotland,1,0,0,City of Edinburgh,S12000005,518500,263,1971.483,-0.334,0.512,0.03,0.084,0.008,36.4,-2.326,-0.651,-1.226,0,1,105,-1.506,-0.955,-1.17,-0.769,-0.273,-1.108,0.823,8.361,1.74,-0.044,0.51,6.6986,146,28.158,69,13.308,60,11.572,17,3.279,86,16.586
Scotland,1,0,0,Clackmannanshire,S12000006,51400,159,323.27,0.215,0.509,0.019,0.016,0.006,44.7,,,,0,0,93.2,-0.013,-0.955,-0.075,0.025,-0.273,0.179,0.84,7.018,-0.559,-0.044,0.23,5.882,11,21.401,4,7.782,7,13.619,0,0,4,7.782
Scotland,1,0,0,Dumfries and Galloway,S12000042,148790,6427,23.151,-0.282,0.514,0.013,0.012,0.004,49.3,0.775,0.268,0.04,5403,0,118.5,1.906,0.955,1.184,1.877,1.742,-0.107,0.798,8.561,-0.559,1.35,0.16,5.4316,31,20.835,6,4.033,24,16.13,1,0.672,7,4.705
Scotland,1,0,0,Dundee City,S12000008,148750,60,2479.167,1.878,0.517,0.035,0.06,0.007,37,,,,0,0.2,116.9,0.626,0,0.308,0.554,-0.273,-0.107,0.85,6.297,-0.559,1.35,0.28,5.9133,58,38.992,18,12.101,33,22.185,7,4.706,25,16.807
Scotland,1,0,0,East Ayrshire,S12000045,121840,1262,96.545,0.872,0.515,0.012,0.012,0.005,44.5,1.163,0.268,0.673,0,0.067,70.4,1.692,0.955,1.02,1.348,1.406,2.324,0.853,7.801,-0.559,-0.044,0.2,5.6243,30,24.622,7,5.745,18,14.773,5,4.104,12,9.849
Scotland,1,0,0,East Dunbartonshire,S12000010,108330,174,622.586,-0.652,0.516,0.006,0.043,0.004,46.2,,,,0,0.2,76,-0.653,-0.955,-0.951,0.554,-0.945,-0.679,0.76,8.492,-0.559,-1.437,0.62,5.9697,28,25.847,11,10.154,15,13.847,2,1.846,13,12
Scotland,1,0,0,East Lothian,S12000011,105790,679,155.803,-0.744,0.521,0.019,0.018,0.005,44.5,,,,0,0.267,69.2,-1.506,-0.955,-1.17,-0.769,-0.273,-1.108,0.86,6.586,-0.559,-0.044,0.38,6.0804,44,41.592,27,25.522,13,12.288,4,3.781,31,29.303
Scotland,1,0,0,East Renfrewshire,S12000036,95170,174,546.954,-0.73,0.522,0.006,0.085,0.004,43.6,,,,0,0.2,84.9,-0.653,-0.955,-0.951,0.554,-0.945,-0.679,0.793,8.044,-0.559,-1.437,0.48,5.8314,35,36.776,12,12.609,22,23.117,1,1.051,13,13.66
Scotland,1,0,0,Falkirk,S12000013,160340,297,539.865,-0.211,0.51,0.012,0.019,0.005,43.3,,,,26587,0.2,101.9,-0.013,-0.955,-0.075,0.025,-0.273,0.179,0.79,7.569,-0.559,-0.044,0.21,6.0821,45,28.065,8,4.989,29,18.087,8,4.989,16,9.979
Scotland,1,0,0,Fife,S12000014,371910,1325,280.687,-0.022,0.514,0.021,0.024,0.004,43.7,0.194,0.268,0.04,0,0.2,105.3,1.053,0.955,0.417,0.289,-0.273,0.751,0.825,7.956,-0.559,-0.044,0.35,5.8684,85,22.855,23,6.184,50,13.444,12,3.227,35,9.411
Scotland,1,0,0,Glasgow City,S12000015,626410,175,3579.486,2.637,0.511,0.025,0.117,0.015,35.6,-0.582,1.8,-0.91,0,0.333,95.1,-0.653,-0.955,-0.951,0.554,-0.945,-0.679,0.78,8.626,1.525,-1.437,0.17,6.5029,246,39.271,71,11.334,161,25.702,14,2.235,85,13.569
Scotland,1,0,0,Highland,S12000046,235540,25657,9.18,-0.434,0.51,0.016,0.014,0.005,46.4,,0.268,0.673,0,0.267,143.7,-0.013,0.955,0.636,-0.769,1.07,0.608,0.83,8.164,-0.559,0.653,0.3,3.842,22,9.34,1,0.425,18,7.642,3,1.274,4,1.698
Scotland,1,0,0,Inverclyde,S12000017,78150,160,488.438,2.771,0.521,0.015,0.014,0.006,46,,,,9087,0.2,83.3,-0.653,-0.955,-0.951,0.554,-0.945,-0.679,0.803,6.714,-0.559,-1.437,0.28,4.9233,76,97.249,17,21.753,50,63.98,9,11.516,26,33.269
Scotland,1,0,0,Midlothian,S12000018,91340,354,258.023,-0.617,0.519,0.011,0.018,0.006,41.8,,,,0,0.2,104.1,-1.506,-0.955,-1.17,-0.769,-0.273,-1.108,0.883,6.406,-0.559,-0.044,0.37,6.1809,32,35.034,13,14.233,18,19.707,1,1.095,14,15.327
Scotland,1,0,0,Moray,S12000019,95520,2238,42.681,-0.829,0.505,0.022,0.012,0.005,45.2,,,,0,0.2,80.3,-0.44,0,-0.623,-1.298,-0.945,-0.393,0.793,7.318,-0.559,-0.044,0.32,4.5095,4,4.188,0,0,1,1.047,3,3.141,3,3.141
Scotland,1,0,0,Na h-Eileanan Siar,S12000020,26830,3059,8.771,-0.922,0.506,0.013,0.009,0.002,49,0,-0.958,1.306,0,0,80.8,0.413,2.865,3.264,-0.769,2.078,1.895,0.728,8.161,-0.559,2.743,0.11,3.1299,1,3.727,0,0,1,3.727,0,0,0,0
Scotland,1,0,0,North Ayrshire,S12000021,135280,885,152.859,0.965,0.524,0.011,0.011,0.005,46.4,0.582,1.187,0.989,0,0.133,107.3,1.692,0.955,1.02,1.348,1.406,2.324,0.835,8.093,-0.559,-0.044,0.26,5.305,44,32.525,11,8.131,25,18.48,8,5.914,19,14.045
Scotland,1,0,0,North Lanarkshire,S12000044,340180,470,723.787,0.648,0.515,0.007,0.021,0.008,41.4,0.582,1.494,0.356,0,0.133,115.8,0.84,0,-0.021,0.819,-0.609,-0.107,0.84,7.221,-0.559,-0.044,0.15,6.2854,125,36.745,37,10.877,73,21.459,14,4.115,52,15.286
Scotland,1,0,0,Orkney Islands,S12000023,22190,989,22.437,-0.922,0.503,0.009,0.007,0.002,47.8,0,-1.877,0.673,3470,0,82.6,0.2,0.955,1.129,-1.298,-0.609,-1.108,0.833,7.186,-0.559,-1.437,0.19,3.3846,2,9.013,1,4.507,0,0,1,4.507,2,9.013
Scotland,1,0,0,Perth and Kinross,S12000024,151290,5286,28.621,-0.733,0.508,0.031,0.021,0.004,46.8,,,,0,0.2,68.6,0.626,0,0.308,0.554,-0.273,-0.107,0.883,4.854,-0.559,1.35,0.39,5.495,25,16.525,4,2.644,17,11.237,4,2.644,8,5.288
Scotland,1,0,0,Renfrewshire,S12000038,177790,261,681.188,0.794,0.517,0.013,0.028,0.005,43.1,,,,0,0.267,108.3,-0.653,-0.955,-0.951,0.554,-0.945,-0.679,0.85,7.471,-0.559,-1.437,0.28,5.7581,76,42.747,29,16.311,42,23.623,5,2.812,34,19.124
Scotland,1,0,0,Scottish Borders,S12000026,115270,4732,24.36,-0.676,0.514,0.011,0.013,0.003,48.7,-0.388,-0.651,0.673,0,0.133,68.2,0.626,0,0.198,0.289,2.078,0.465,0.8,6.956,-0.559,0.653,0.27,5.6399,38,32.966,2,1.735,33,28.628,3,2.603,5,4.338
Scotland,1,0,0,Shetland Islands,S12000027,22990,1468,15.661,-0.922,0.491,0.008,0.016,0.004,43.8,1.357,0.268,-1.543,5329,0,102.5,-1.506,1.91,1.074,-2.621,1.07,-0.393,0.82,5.912,-0.559,0.653,0.15,3.2506,6,26.098,5,21.749,1,4.35,0,0,5,21.749
Scotland,1,0,0,South Ayrshire,S12000028,112550,1222,92.103,0.225,0.523,0.014,0.013,0.004,48.6,,-0.651,0.673,0,0.2,97.2,1.692,0.955,1.02,1.348,1.406,2.324,0.863,6.133,-0.559,-0.044,0.43,5.3699,46,40.871,26,23.101,17,15.104,3,2.665,29,25.766
Scotland,1,0,0,South Lanarkshire,S12000029,319020,1772,180.034,0.245,0.517,0.011,0.023,0.004,44.1,-0.194,-0.345,-0.593,0,0.133,94.6,0.84,0,-0.021,0.819,-0.609,-0.107,0.838,6.411,1.597,-0.044,0.23,6.1164,103,32.286,37,11.598,51,15.986,15,4.702,52,16.3
Scotland,1,0,0,Stirling,S12000030,94330,2187,43.132,-0.245,0.518,0.048,0.032,0.005,42.1,,,,0,0.333,78.5,-0.013,-0.955,-0.075,0.025,-0.273,0.179,0.93,4.544,-0.559,-0.044,0.3,5.4804,34,36.044,9,9.541,23,24.382,2,2.12,11,11.661
Scotland,1,0,0,West Dunbartonshire,S12000039,89130,159,560.566,1.108,0.523,0.008,0.016,0.005,43.2,,,,0,0.267,119.3,-0.653,-0.955,-0.951,0.554,-0.945,-0.679,0.883,6.613,-0.559,-1.437,0.19,5.4398,52,58.342,26,29.171,23,25.805,3,3.366,29,32.537
Scotland,1,0,0,West Lothian,S12000040,182140,428,425.561,-0.383,0.51,0.01,0.025,0.007,40.9,,,,0,0.2,84.9,-1.506,-0.955,-1.17,-0.769,-0.273,-1.108,0.833,7.132,-0.559,-0.044,0.24,6.0254,34,18.667,5,2.745,23,12.628,6,3.294,11,6.039
England,0,1,0,Hartlepool,E06000001,93242,94,991.936,2.754,0.512,0.01,0.023,0.004,41.8,2.117,1.58,-0.104,0,0,95.7,0.364,0.895,0.978,1.038,1.024,-0.156,0.74,9.125,-0.559,0.603,0.219,7.3237,28,30.029,6,6.435,21,22.522,1,1.072,7,7.507
England,0,1,0,Middlesbrough,E06000002,140545,54,2602.685,3.955,0.506,0.016,0.118,0.008,36.2,1.172,1.58,-0.905,0,0,113.4,-0.132,-0.234,-0.28,0.634,-0.329,-0.625,0.753,9.349,-0.559,-0.128,0.219,8.0331,85,60.479,12,8.538,72,51.229,1,0.712,13,9.25
England,0,1,0,Redcar and Cleveland,E06000003,136718,245,558.033,1.579,0.514,0.009,0.015,0.002,45,1.162,0.578,0.768,28836,0,92,0.918,0.2,1.303,1.253,0.113,0.299,0.755,9.289,-0.559,0.721,0.219,7.389,38,27.794,4,2.926,32,23.406,1,0.731,6,4.389
England,0,1,0,Stockton-on-Tees,E06000004,197213,205,962.015,1.291,0.507,0.019,0.054,0.003,40.4,1.645,-0.089,0.062,0,0,74.6,-0.636,-0.066,-0.218,0.012,-0.193,-0.437,0.74,9.492,1.417,0.938,0.219,7.6095,36,18.254,8,4.057,23,11.663,5,2.535,13,6.592
England,0,1,0,Darlington,E06000005,106566,197,540.944,1.065,0.513,0.014,0.038,0.003,43.1,2.058,0.912,0.544,0,0,73.3,0.148,0.761,0.182,0.347,0.878,-0.007,0.74,8.978,-0.559,0.944,0.219,7.1363,26,24.398,4,3.754,21,19.706,1,0.938,5,4.692
England,0,1,0,Halton,E06000006,128432,79,1625.722,2.32,0.512,0.007,0.022,0.003,41,1.983,0.912,0.557,0,0.133,91.2,-0.008,1.493,0.675,0.545,1.57,-0.705,0.765,9.143,-0.559,-0.528,0.39,8.6189,47,36.595,8,6.229,38,29.588,1,0.779,9,7.008
England,0,1,0,Warrington,E06000007,209547,181,1157.718,0.058,0.503,0.017,0.041,0.003,42.2,0.142,-0.423,-0.083,0,0.133,74.2,-0.811,0.095,0.57,-0.266,-0.008,-0.389,0.758,9.485,1.489,-0.052,0.39,8.2857,67,31.974,34,16.225,33,15.748,0,0,34,16.225
England,0,1,0,Blackburn with Darwen,E06000008,148942,137,1087.168,2.759,0.499,0.011,0.309,0.010,36.3,0.651,0.912,-0.878,0,0,115.7,1.571,-0.016,-0.527,0.1,-0.108,-0.701,0.835,7.114,-0.559,-0.765,0.39,7.8752,29,19.471,0,0,27,18.128,2,1.343,2,1.343
England,0,1,0,Blackpool,E06000009,139305,35,3980.143,3.256,0.504,0.029,0.035,0.004,43.5,2.026,2.915,0.926,0,0,120.7,1.2,0.796,1.042,2.321,0.954,0.289,0.81,8.269,-0.559,1.133,0.39,7.195,31,22.253,2,1.436,26,18.664,1,0.718,5,3.589
England,0,1,0,"Kingston upon Hull, City of",E06000010,260645,71,3671.056,3.607,0.496,0.014,0.059,0.006,35.6,0.706,2.581,-0.157,9752,0,105.2,-0.892,0.662,-0.502,0.569,0.667,-1.012,0.723,10.658,1.13,-0.347,0.403,9.7553,29,11.126,9,3.453,18,6.906,2,0.767,11,4.22
England,0,1,0,East Riding of Yorkshire,E06000011,339614,2405,141.212,-0.102,0.509,0.022,0.02,0.002,48.8,1.04,-0.757,0.36,11528,0,68.6,0.623,1.263,0.895,0.53,1.406,0.901,0.743,9.732,-0.559,1.043,0.403,8.335,54,15.9,10,2.945,39,11.484,4,1.178,15,4.417
England,0,1,0,North East Lincolnshire,E06000012,159821,192,832.401,2.181,0.509,0.011,0.027,0.003,42.4,1.218,1.913,0.778,55617,0,88.7,0.245,0.552,0.569,1.374,0.451,0.071,0.75,10.056,-0.559,0.554,0.403,9.2382,17,10.637,1,0.626,16,10.011,0,0,1,0.626
England,0,1,0,North Lincolnshire,E06000013,172005,846,203.316,0.345,0.505,0.009,0.04,0.003,44.1,0.857,0.912,0.051,1109,0,72.9,0.31,0.437,1.062,0.788,0.27,,0.738,10.276,-0.559,0.151,0.403,9.0144,12,6.977,0,0,12,6.977,0,0,0,0
England,0,1,0,York,E06000014,209893,272,771.665,-0.612,0.51,0.039,0.058,0.004,37.6,-0.728,-1.09,-0.572,0,0,62.5,-2.349,-0.439,-1.236,-1.015,-0.444,-0.352,0.735,9.971,1.597,-0.324,0.403,8.0918,40,19.057,5,2.382,28,13.34,6,2.859,12,5.717
England,0,1,0,Derby,E06000015,257174,78,3297.103,0.821,0.505,0.017,0.197,0.010,36.9,0.103,0.912,-0.756,0,0,82.5,0.276,-0.009,0.777,-0.051,-0.098,-0.445,0.775,10.282,1.74,-0.005,0.495,9.2605,134,52.105,28,10.888,93,36.162,5,1.944,41,15.943
England,0,1,0,Leicester,E06000016,355218,73,4866,1.241,0.499,0.025,0.496,0.026,31.6,-0.828,0.578,-2.778,0,0,107.6,2.768,-0.07,-1.722,-0.934,-0.222,-1.201,0.778,10.337,1.633,-0.873,0.495,10.2674,83,23.366,10,2.815,70,19.706,0,0,13,3.66
England,0,1,0,Rutland,E06000017,39697,382,103.919,-0.691,0.489,0.083,0.03,0.002,47,0.363,-1.424,2.222,0,0,40,-0.105,-0.453,0.588,-0.191,-0.455,0.84,0.775,10.289,-0.559,0.445,0.495,9.1201,3,7.557,0,0,2,5.038,0,0,1,2.519
England,0,1,0,Nottingham,E06000018,331069,75,4414.253,2.236,0.492,0.052,0.288,0.012,29.7,-0.746,1.246,-1.976,0,0,107.3,-1.177,-1.417,-1.976,-0.745,-1.095,-1.648,0.76,10.238,1.597,-0.927,0.495,9.5331,71,21.446,12,3.625,56,16.915,3,0.906,15,4.531
England,0,1,0,"Herefordshire, County of",E06000019,192107,2180,88.122,-0.609,0.505,0.016,0.019,0.004,47,0.105,-0.089,-0.062,0,0,65.1,1.102,1.79,0.848,1.058,1.866,0.876,0.783,10.371,-0.559,0.58,0.414,7.8403,28,14.575,1,0.521,25,13.014,0,0,3,1.562
England,0,1,0,Telford and Wrekin,E06000020,177799,290,613.1,0.895,0.503,0.013,0.074,0.004,39.4,0.426,0.912,0.256,0,0,83.6,-0.076,0.324,0.208,0.206,0.222,-0.771,0.775,10.304,-0.559,-0.94,0.414,7.7167,34,19.123,5,2.812,26,14.623,2,1.125,8,4.499
England,0,1,0,Stoke-on-Trent,E06000021,255833,93,2750.892,2.361,0.497,0.012,0.114,0.007,37.7,2.517,1.58,-0.215,0,0,89.4,0.214,0.643,0.239,0.841,0.619,-0.508,0.803,9.225,1.489,0.7,0.414,8.1225,40,15.635,8,3.127,28,10.945,2,0.782,12,4.691
England,0,1,0,Bath and North East Somerset,E06000022,192106,346,555.22,-0.525,0.505,0.034,0.056,0.003,38.2,-0.794,-1.09,-0.785,0,0,58.1,-1.625,-0.348,-0.751,-0.74,-0.41,0.053,0.835,9.497,2.1,-0.105,0.498,8.7981,42,21.863,18,9.37,24,12.493,0,0,18,9.37
England,0,1,0,"Bristol, City of",E06000023,463405,110,4212.773,0.792,0.499,0.022,0.162,0.013,32.5,-0.936,1.246,-0.455,8446,0,79.5,-1.967,-0.963,-1.668,-0.653,-0.72,-1.251,0.815,9.796,1.812,-0.893,0.498,9.9991,90,19.421,33,7.121,50,10.79,4,0.863,40,8.632
England,0,1,0,North Somerset,E06000024,213919,374,571.976,-0.127,0.513,0.016,0.028,0.002,45.9,-0.099,-0.089,1.02,0,0,59.3,0.167,1.9,0.506,0.401,2.028,0.919,0.843,9.272,-0.559,1.038,0.498,8.1768,25,11.687,4,1.87,18,8.414,3,1.402,7,3.272
England,0,1,0,South Gloucestershire,E06000025,282644,497,568.7,-0.691,0.504,0.017,0.051,0.003,40.7,-0.126,-0.757,-0.039,0,0,56.9,-1.35,-0.059,-0.632,-0.624,-0.162,-0.117,0.815,9.782,2.064,-0.261,0.498,9.7531,64,22.643,19,6.722,43,15.213,2,0.708,21,7.43
England,0,1,0,Plymouth,E06000026,263100,80,3288.75,0.963,0.502,0.021,0.039,0.005,38.3,0.533,0.912,0.552,2441,0,78.8,-0.881,0.676,-0.567,0.49,0.787,-0.537,0.83,10.581,1.704,-0.679,0.498,7.6226,24,9.122,4,1.52,20,7.602,0,0,4,1.52
England,0,1,0,Torbay,E06000027,135780,63,2155.238,0.805,0.513,0.023,0.026,0.004,48.6,0.284,0.912,1.545,0,0,74.7,2.301,1.773,1.649,2.7,1.859,1.379,0.828,10.811,-0.559,1.441,0.498,6.6506,20,14.73,5,3.682,13,9.574,2,1.473,7,5.155
England,0,1,0,Swindon,E06000030,221996,230,965.2,0.174,0.501,0.006,0.102,0.009,39.8,0.558,-0.089,-0.007,0,0,65.4,-1.08,-0.185,-0.551,-0.604,-0.292,-0.806,0.828,10.044,1.704,-0.955,0.498,10.2743,60,27.028,23,10.361,35,15.766,2,0.901,25,11.261
England,0,1,0,Peterborough,E06000031,201041,343,586.125,0.668,0.498,0.01,0.175,0.012,36.5,0.309,2.581,0.091,0,0,87,0.012,-0.76,0.521,0.017,-0.522,-0.809,0.763,11.154,1.668,-0.721,0.455,10.1494,20,9.948,2,0.995,18,8.953,0,0,2,0.995
England,0,1,0,Luton,E06000032,214109,43,4979.279,-0.376,0.493,0.008,0.455,0.029,34.2,0.298,0.912,-1.908,0,0,92.9,1.806,-0.271,-1.397,-0.753,-0.336,-1.155,0.8,10.536,1.704,-1.669,0.455,11.3321,102,47.639,1,0.467,97,45.304,4,1.868,5,2.335
England,0,1,0,Southend-on-Sea,E06000033,182463,42,4344.357,0.109,0.51,0.012,0.096,0.008,41.6,-0.68,0.912,0.683,0,0,69.6,0.144,0.536,0.394,0.656,0.362,0.182,0.758,11.994,1.848,0.749,0.455,10.2649,76,41.652,3,1.644,70,38.364,2,1.096,6,3.288
England,0,1,0,Thurrock,E06000034,172525,163,1058.436,-0.303,0.506,0.004,0.143,0.011,36.9,0.047,0.578,-0.552,53196,0,83,-0.957,0.528,-0.182,-0.363,0.35,-1.069,0.728,12.549,-0.559,-1.194,0.455,11.4523,49,28.402,1,0.58,47,27.242,1,0.58,2,1.159
England,0,1,0,Medway,E06000035,277855,194,1432.242,0.126,0.505,0.015,0.104,0.007,38.1,0.565,0.912,-0.094,10205,0,69.2,-0.879,0.633,-0.551,-0.349,0.546,-0.835,0.758,12.024,-0.559,-1.255,0.619,12.0612,78,28.072,8,2.879,67,24.113,1,0.36,11,3.959
England,0,1,0,Bracknell Forest,E06000036,121676,109,1116.294,-0.691,0.503,0.024,0.095,0.005,39.1,-0.644,-0.423,0.224,0,0.133,53.8,-2.243,-0.792,-1.343,-1.343,-0.564,-1.074,0.8,11.028,-0.559,-1.365,0.619,10.6043,24,19.725,1,0.822,22,18.081,1,0.822,2,1.644
England,0,1,0,West Berkshire,E06000037,158527,704,225.18,-0.691,0.505,0.019,0.053,0.003,43.2,-1.315,-0.757,0.583,0,0.133,48.6,-1.06,-0.156,-0.039,-0.843,-0.281,-0.387,0.82,10.056,-0.559,-0.7,0.619,9.8118,47,29.648,15,9.462,29,18.293,3,1.892,18,11.355
England,0,1,0,Reading,E06000038,163203,40,4080.075,-0.201,0.495,0.028,0.255,0.016,34.4,-1.572,-0.423,-1.342,0,0.133,78.7,-1.632,-0.993,-0.993,-1.267,-0.819,-1.577,0.803,11.135,1.992,-1.477,0.619,11.6694,54,33.088,12,7.353,37,22.671,3,1.838,17,10.416
England,0,1,0,Slough,E06000039,149112,33,4518.545,-0.691,0.495,0.004,0.544,0.038,34.8,0.191,0.245,-2.855,0,0.133,108.9,2.097,-0.855,-1.584,-1.687,-0.653,-1.659,0.77,11.686,-0.559,-2.216,0.619,12.0684,58,38.897,2,1.341,50,33.532,4,2.683,8,5.365
England,0,1,0,Windsor and Maidenhead,E06000040,150906,197,766.02,-0.691,0.504,0.024,0.142,0.006,42.1,-1.95,-1.09,-0.852,0,0.133,50.4,-0.826,-1.093,-0.983,-0.788,-0.868,0.035,0.785,11.429,-0.559,0.074,0.619,10.7974,59,39.097,16,10.603,39,25.844,4,2.651,20,13.253
England,0,1,0,Wokingham,E06000041,167979,179,938.43,-0.691,0.507,0.017,0.119,0.003,41.6,-1.514,-1.424,-0.794,0,0.133,46.7,-1.597,-0.045,-0.717,-1.219,-0.138,-0.268,0.8,11.242,-0.559,-0.244,0.619,10.8497,50,29.766,19,11.311,25,14.883,4,2.381,25,14.883
England,0,1,0,Milton Keynes,E06000042,268607,309,869.278,-0.191,0.505,0.008,0.201,0.013,37.6,-0.465,0.245,-0.705,0,0,71.4,-1.149,-0.835,-0.944,-0.884,-0.619,-1.466,0.795,10.631,-0.559,-1.472,0.619,10.8559,95,35.368,26,9.68,63,23.454,3,1.117,32,11.913
England,0,1,0,Brighton and Hove,E06000043,290395,83,3498.735,0.174,0.498,0.027,0.119,0.010,35.4,-2.375,1.246,0.869,0,0,72.9,-2.288,-1.538,-2.118,-0.585,-1.27,-1.296,0.815,10.953,2.225,-0.978,0.619,10.8699,54,18.595,13,4.477,39,13.43,1,0.344,15,5.165
England,0,1,0,Portsmouth,E06000044,215133,40,5378.325,0.451,0.49,0.024,0.117,0.008,33.9,0.181,1.246,0.278,3488,0,84.1,-1.879,-0.986,-1.28,-0.257,-0.74,-1.147,0.803,11.204,1.668,-0.711,0.619,12.4224,47,21.847,7,3.254,40,18.593,0,0,7,3.254
England,0,1,0,Southampton,E06000045,252796,50,5055.92,0.531,0.489,0.036,0.142,0.013,32.2,-0.415,1.246,-1.335,34468,0,80.7,-2.025,-0.84,-1.65,-0.813,-0.623,-1.352,0.803,11.235,1.704,-1.212,0.619,11.2241,59,23.339,9,3.56,47,18.592,3,1.187,12,4.747
England,0,1,0,Isle of Wight,E06000046,141538,380,372.468,-0.37,0.51,0.033,0.028,0.003,50.1,0.215,0.578,0.809,0,0,75.8,2.271,1.983,1.624,1.806,2.363,1.435,0.81,10.39,-0.559,2.361,0.619,9.2131,16,11.304,1,0.707,14,9.891,1,0.707,2,1.413
England,0,1,0,County Durham,E06000047,526980,2226,236.739,0.454,0.508,0.025,0.019,0.002,43.5,2.241,0.245,-0.067,0,0,78.5,0.201,0.736,0.841,0.82,0.861,-0.059,0.755,7.974,-0.559,0.663,0.219,6.5196,211,40.039,67,12.714,136,25.807,7,1.328,75,14.232
England,0,1,0,Cheshire East,E06000049,380790,1166,326.578,-0.528,0.511,0.014,0.034,0.003,46.2,-0.478,-0.757,0.134,0,0.133,61.7,0.07,0.595,0.27,-0.107,0.492,0.472,0.808,8.696,-0.559,0.981,0.39,7.1494,137,35.978,29,7.616,100,26.261,5,1.313,37,9.717
England,0,1,0,Cheshire West and Chester,E06000050,340502,917,371.322,0.027,0.513,0.01,0.027,0.002,44.4,0.609,-0.423,0.125,0,0.133,68.8,-0.143,1.906,0.357,0.24,2.043,0.195,0.765,9.514,-0.559,0.227,0.39,7.3481,105,30.837,15,4.405,86,25.257,4,1.175,19,5.58
England,0,1,0,Shropshire,E06000051,320274,3197,100.18,-0.592,0.504,0.026,0.021,0.003,47.4,0.681,-0.757,0.253,0,0,60.3,0.842,1.093,0.582,0.755,1.143,0.717,0.773,10.292,-0.559,1.7,0.414,7.1781,56,17.485,14,4.371,36,11.24,5,1.561,20,6.245
England,0,1,0,Cornwall,E06000052,565968,3546,159.607,-0.195,0.514,0.017,0.018,0.004,47.2,-0.073,0.245,1.353,0,0,67,1.531,0.749,1.117,1.828,0.871,0.877,0.845,9.653,-0.559,0.059,0.498,6.5243,90,15.902,20,3.534,64,11.308,6,1.06,26,4.594
England,0,1,0,Isles of Scilly,E06000053,2242,16,140.125,-0.691,0.5,0.036,0.014,0.009,48,,,0.912,0,0,,,,,0.408,,0.914,0.79,10.526,-0.559,-1.473,0.498,5.1312,0,0,0,0,0,0,0,0,0,0
England,0,1,0,Wiltshire,E06000054,498064,3255,153.015,-0.658,0.506,0.028,0.035,0.003,44.6,-0.376,-0.757,1.162,0,0,55.9,-0.344,0.659,-0.098,0.014,0.623,0.219,0.84,9.865,-0.559,0.662,0.498,8.8985,114,22.889,39,7.83,69,13.854,6,1.205,45,9.035
England,0,1,0,Bedford,E06000055,171623,476,360.553,-0.322,0.507,0.019,0.196,0.009,40.2,0.207,0.245,-0.462,0,0,70.4,0.748,0.113,-0.513,-0.36,-0.007,-0.214,0.78,10.878,-0.559,-0.776,0.455,10.2258,47,27.386,4,2.331,40,23.307,3,1.748,7,4.079
England,0,1,0,Central Bedfordshire,E06000056,283606,716,396.098,-0.691,0.507,0.009,0.063,0.003,41.3,0.114,-0.423,0.803,0,0,56.7,-1.416,0.177,-0.126,-0.855,0.086,-0.346,0.79,10.818,-0.559,-0.879,0.455,10.1658,85,29.971,8,2.821,73,25.74,4,1.41,12,4.231
England,0,1,0,Northumberland,E06000057,320274,5014,63.876,0.42,0.512,,0.016,0.002,48,2.091,-0.423,0.396,4404,0,71.2,1.04,2.557,1.182,0.758,2.472,0.508,0.813,6.946,-0.559,1.103,0.219,6.0358,82,25.603,15,4.683,62,19.358,3,0.937,20,6.245
England,0,1,0,"Bournemouth, Christchurch and Poole",E06000058,395784,161,2458.286,-0.324,0.503,,,,42.4,,,,832,0,,,,,,,,,,2.064,,,9.4335,51,12.886,8,2.021,40,10.107,2,0.505,11,2.779
England,0,1,0,Dorset,E06000059,376484,2491,151.138,-0.43,0.511,,,,50.5,,,,0,0,,,,,,,,,,-0.559,,,,59,15.671,14,3.719,41,10.89,2,0.531,18,4.781
England,0,1,0,Aylesbury Vale,E07000004,199448,903,220.873,-0.691,0.506,0.02,0.106,0.007,40.3,-1.37,-0.423,-0.131,0,0.267,56.2,-0.619,-0.335,-0.686,-1.112,-0.376,-0.44,0.813,10.101,-0.559,,0.619,10.1362,40,20.055,13,6.518,25,12.535,0,0,15,7.521
England,0,1,0,Chiltern,E07000005,95927,196,489.423,-0.691,0.514,0.008,0.09,0.005,45.1,-1.37,-1.758,0.073,0,0.267,46.1,-0.619,-0.335,0.001,-0.727,-0.376,0.79,0.813,10.256,-0.559,,0.619,10.29,52,54.208,14,14.594,35,36.486,2,2.085,17,17.722
England,0,1,0,South Bucks,E07000006,70043,141,496.759,-0.691,0.517,0.016,0.161,0.003,44.8,-1.37,-1.09,-0.558,0,0.267,50.2,-0.619,-0.335,0.241,-0.472,-0.376,0.8,0.785,11.047,-0.559,,0.619,10.936,23,32.837,1,1.428,22,31.409,0,0,1,1.428
England,0,1,0,Wycombe,E07000007,174641,325,537.357,-0.691,0.509,0.016,0.19,0.009,41.2,-1.37,-0.757,-0.463,0,0.267,49.3,-0.619,-0.335,-0.648,-0.961,-0.376,-0.239,0.82,10.351,-0.559,,0.619,10.563,46,26.34,13,7.444,32,18.323,1,0.573,14,8.016
England,0,1,0,Cambridge,E07000008,125758,41,3067.268,-0.691,0.482,0.133,0.181,0.013,30.6,-0.995,-1.09,-2.737,0,0,68.7,-1.274,-0.005,-2.865,-2.06,-0.083,-1.716,0.77,11.465,2.207,-0.67,0.455,10.4462,17,13.518,3,2.386,14,11.132,0,0,3,2.386
England,0,1,0,East Cambridgeshire,E07000009,89362,651,137.269,-0.691,0.509,0.009,0.039,0.003,43,-0.995,-0.089,0.915,0,0,65,-1.274,-0.005,-0.294,-0.016,-0.083,-0.006,0.76,11.61,-0.559,-0.67,0.455,9.8841,17,19.024,4,4.476,11,12.309,2,2.238,6,6.714
England,0,1,0,Fenland,E07000010,101491,546,185.881,0.001,0.505,0.014,0.029,0.006,44.8,-0.995,1.913,0.762,0,0,79.4,-1.274,-0.005,1.204,1.682,-0.083,0.651,0.763,11.536,-0.559,-0.67,0.455,9.9367,18,17.736,0,0,17,16.75,1,0.985,1,0.985
England,0,1,0,Huntingdonshire,E07000011,177352,906,195.753,-0.691,0.5,0.015,0.053,0.004,43.3,-0.995,-0.423,0.773,0,0,53.4,-1.274,-0.005,-0.104,-0.617,-0.083,-0.323,0.77,11.268,-0.559,-0.67,0.455,10.0678,23,12.969,2,1.128,19,10.713,1,0.564,4,2.255
England,0,1,0,South Cambridgeshire,E07000012,157519,902,174.633,-0.691,0.505,0.013,0.069,0.004,42.9,-0.995,-1.758,-0.296,0,0,43.5,-1.274,-0.005,-0.498,-0.952,-0.083,-0.051,0.773,11.479,-0.559,-0.67,0.455,9.9428,22,13.967,3,1.905,18,11.427,1,0.635,4,2.539
England,0,1,0,Allerdale,E07000026,97527,1242,78.524,0.419,0.507,0.015,0.011,0.002,47.8,0.431,-0.089,0.494,0,0,77.8,1.045,1.688,1.04,1.257,1.668,0.718,0.838,7.542,-0.559,0.961,0.39,5.3887,32,32.811,1,1.025,26,26.659,4,4.101,6,6.152
England,0,1,0,Barrow-in-Furness,E07000027,67137,78,860.731,1.639,0.506,0.01,0.017,0.002,44.9,0.431,0.578,0.84,0,0,85.6,1.045,1.688,0.851,1.531,1.668,0.222,0.818,7.863,-0.559,0.961,0.39,7.3456,37,55.111,4,5.958,32,47.664,1,1.489,5,7.447
England,0,1,0,Carlisle,E07000028,108387,1039,104.319,-0.132,0.512,0.013,0.019,0.003,44.8,0.431,0.578,0.261,0,0,79,1.045,1.688,0.455,0.779,1.668,0.198,0.833,7.368,-0.559,0.961,0.39,6.2001,41,37.827,2,1.845,35,32.292,2,1.845,6,5.536
England,0,1,0,Copeland,E07000029,68424,732,93.475,-0.109,0.5,0.018,0.016,0.002,46.7,0.431,0.245,-0.692,0,0,86,1.045,1.688,1.216,1.162,1.668,0.287,0.883,5.486,-0.559,0.961,0.39,5.5294,25,36.537,2,2.923,19,27.768,4,5.846,6,8.769
England,0,1,0,Eden,E07000030,52881,2142,24.688,-0.691,0.505,0.018,0.011,0.002,50.3,0.431,-0.757,-0.359,0,0,60,1.045,1.688,0.978,0.793,1.668,1.006,0.825,7.035,-0.559,0.961,0.39,5.6199,17,32.148,1,1.891,15,28.366,1,1.891,2,3.782
England,0,1,0,South Lakeland,E07000031,104532,1534,68.143,-0.691,0.509,0.03,0.017,0.002,50.9,0.431,-1.424,-0.154,0,0,44.6,1.045,1.688,1.465,0.556,1.668,1.514,0.848,6.838,-0.559,0.961,0.39,5.8156,82,78.445,22,21.046,52,49.746,7,6.697,30,28.699
England,0,1,0,Amber Valley,E07000032,126678,265,478.03,-0.325,0.509,0.009,0.019,0.002,46,0.809,-0.423,0.115,0,0,69.1,0.153,0.547,0.78,0.403,0.369,0.268,0.785,9.565,-0.559,0.745,0.495,7.9524,37,29.208,4,3.158,30,23.682,0,0,7,5.526
England,0,1,0,Bolsover,E07000033,79530,160,497.063,-0.294,0.506,0.008,0.019,0.003,44,0.809,1.246,0.366,0,0,59.6,0.153,0.547,1.144,1.112,0.369,0.074,0.763,9.128,-0.559,0.745,0.495,8.1978,14,17.603,2,2.515,12,15.089,0,0,2,2.515
England,0,1,0,Chesterfield,E07000034,104628,66,1585.273,0.137,0.51,0.011,0.035,0.003,44.5,0.809,0.578,0.755,0,0,89.9,0.153,0.547,0.684,1.155,0.369,0.203,0.753,9.554,-0.559,0.745,0.495,7.4131,25,23.894,5,4.779,18,17.204,2,1.912,7,6.69
England,0,1,0,Derbyshire Dales,E07000035,71977,792,90.88,-0.469,0.508,0.022,0.015,0.002,50.8,0.809,-1.758,0.206,0,0,43.5,0.153,0.547,0.711,0.51,0.369,1.187,0.838,7.311,-0.559,0.745,0.495,6.6351,21,29.176,3,4.168,17,23.619,1,1.389,4,5.557
England,0,1,0,Erewash,E07000036,115490,110,1049.909,-0.17,0.51,0.01,0.03,0.002,43.7,0.809,0.245,0.685,0,0,71.3,0.153,0.547,0.308,0.413,0.369,0.052,0.778,9.856,-0.559,0.745,0.495,9.0853,35,30.306,6,5.195,26,22.513,1,0.866,9,7.793
England,0,1,0,High Peak,E07000037,92221,539,171.096,-0.208,0.507,0.011,0.022,0.002,45.9,0.809,-0.089,1.155,0,0,58.9,0.153,0.547,-0.22,0.007,0.369,-0.035,0.91,4.717,-0.559,0.745,0.495,6.6028,35,37.952,11,11.928,23,24.94,1,1.084,12,13.012
England,0,1,0,North East Derbyshire,E07000038,101125,276,366.395,-0.238,0.511,0.008,0.02,0.002,47.6,0.809,-0.757,0.887,0,0,62.6,0.153,0.547,1.093,0.145,0.369,0.711,0.778,9.125,-0.559,0.745,0.495,7.4403,44,43.511,17,16.811,20,19.778,6,5.933,24,23.733
England,0,1,0,South Derbyshire,E07000039,104493,338,309.151,-0.691,0.507,0.016,0.044,0.002,42.2,0.809,-0.423,-0.125,0,0,54.6,0.153,0.547,-0.175,-0.558,0.369,-0.394,0.78,10.283,-0.559,0.745,0.495,8.4575,32,30.624,4,3.828,28,26.796,0,0,4,3.828
England,0,1,0,East Devon,E07000040,144317,814,177.294,-0.691,0.517,0.022,0.017,0.003,50.9,-0.255,-1.424,0.925,0,0,45.5,0.869,0.544,1.604,1.073,0.368,2.527,0.848,9.503,-0.559,0.948,0.498,6.3927,11,7.622,5,3.465,6,4.158,0,0,5,3.465
England,0,1,0,Exeter,E07000041,130428,47,2775.064,-0.691,0.503,0.051,0.071,0.006,33.7,-0.255,-0.423,0.42,0,0,63,0.869,0.544,-1.765,-0.813,0.368,-0.708,0.808,10.856,1.956,0.948,0.498,7.4919,24,18.401,9,6.9,14,10.734,1,0.767,10,7.667
England,0,1,0,Mid Devon,E07000042,81695,913,89.48,-0.691,0.512,0.011,0.014,0.003,46.5,-0.255,-0.423,0.904,0,0,51.9,0.869,0.544,0.505,0.684,0.368,0.725,0.833,9.653,-0.559,0.948,0.498,6.5358,4,4.896,0,0,3,3.672,1,1.224,1,1.224
England,0,1,0,North Devon,E07000043,96110,1086,88.499,-0.199,0.509,0.022,0.021,0.003,47.6,-0.255,-0.089,0.62,0,0,72.5,0.869,0.544,0.91,1.518,0.368,1.091,0.86,8.979,-0.559,0.948,0.498,6.5491,9,9.364,3,3.121,6,6.243,0,0,3,3.121
England,0,1,0,South Hams,E07000044,86221,886,97.315,-0.691,0.517,0.016,0.018,0.003,51.2,-0.255,-1.09,1.396,0,0,47.8,0.869,0.544,0.874,1.039,0.368,1.416,0.843,10.089,-0.559,0.948,0.498,5.8612,5,5.799,0,0,5,5.799,0,0,0,0
England,0,1,0,Teignbridge,E07000045,132844,674,197.098,-0.691,0.516,0.023,0.017,0.003,49.2,-0.255,-0.423,1.088,0,0,56.2,0.869,0.544,0.926,1.417,0.368,1.435,0.843,9.713,-0.559,0.948,0.498,6.317,13,9.786,2,1.506,11,8.28,0,0,2,1.506
England,0,1,0,Torridge,E07000046,68143,984,69.251,-0.691,0.51,0.015,0.013,0.002,50.2,-0.255,-0.423,1.882,0,0,65.7,0.869,0.544,1.455,1.826,0.368,1.304,0.855,9.212,-0.559,0.948,0.498,6.2524,7,10.273,2,2.935,4,5.87,1,1.468,3,4.403
England,0,1,0,West Devon,E07000047,55528,1160,47.869,-0.691,0.511,0.031,0.016,0.002,50.8,-0.255,-1.09,0.605,0,0,59.7,0.869,0.544,1.131,1.084,0.368,1.293,0.96,6.607,-0.559,0.948,0.498,5.6718,6,10.805,2,3.602,3,5.403,1,1.801,3,5.403
England,0,1,0,Eastbourne,E07000061,103160,44,2344.545,-0.067,0.515,0.025,0.061,0.007,45.7,-0.537,0.245,1.296,0,0.267,60.2,1.181,0.638,0.968,1.787,0.57,1.232,0.82,10.947,-0.559,1.8,0.619,9.9823,26,25.204,10,9.694,15,14.541,0,0,11,10.663
England,0,1,0,Hastings,E07000062,92855,30,3095.167,2.181,0.511,0.019,0.064,0.007,43,-0.537,2.247,1.799,0,0.267,103.1,1.181,0.638,0.298,1.847,0.57,-0.138,0.805,11.279,-0.559,1.8,0.619,10.2415,6,6.462,0,0,5,5.385,0,0,1,1.077
England,0,1,0,Lewes,E07000063,102744,292,351.863,-0.691,0.514,0.017,0.037,0.003,47.7,-0.537,-0.423,1.868,689,0.267,48.5,1.181,0.638,0.892,1.212,0.57,1.392,0.818,10.876,-0.559,1.8,0.619,9.5525,31,30.172,8,7.786,23,22.386,0,0,8,7.786
England,0,1,0,Rother,E07000064,95656,509,187.929,-0.363,0.518,0.027,0.031,0.005,52.8,-0.537,-0.423,1.617,0,0.267,45.2,1.181,0.638,1.889,1.943,0.57,2.69,0.81,11.151,-0.559,1.8,0.619,9.3904,12,12.545,0,0,10,10.454,0,0,2,2.091
England,0,1,0,Wealden,E07000065,160175,833,192.287,-0.691,0.518,0.019,0.027,0.003,48.8,-0.537,-1.09,1.418,0,0.267,46.7,1.181,0.638,0.753,1.098,0.57,1.421,0.813,11.097,-0.559,1.8,0.619,9.4021,31,19.354,3,1.873,27,16.857,0,0,4,2.497
England,0,1,0,Basildon,E07000066,185862,110,1689.655,0.347,0.515,0.006,0.076,0.007,39.3,-0.485,0.578,0.159,0,0,71.1,-0.206,0.611,0.163,0.209,0.532,-0.282,0.748,12.137,1.668,0.04,0.455,10.5939,73,39.276,0,0,72,38.738,1,0.538,1,0.538
England,0,1,0,Braintree,E07000067,151561,612,247.649,-0.691,0.51,0.011,0.035,0.003,43.5,-0.485,-0.089,0.846,0,0,64.3,-0.206,0.611,0.17,-0.114,0.532,-0.13,0.763,11.551,-0.559,0.04,0.455,10.1371,33,21.773,1,0.66,31,20.454,1,0.66,2,1.32
England,0,1,0,Brentwood,E07000068,76550,153,500.327,-0.691,0.514,0.011,0.068,0.003,43.3,-0.485,-1.424,-0.298,0,0,47.5,-0.206,0.611,-0.392,-0.939,0.532,0.596,0.75,11.665,-0.559,0.04,0.455,10.6177,37,48.334,2,2.613,33,43.109,2,2.613,4,5.225
England,0,1,0,Castle Point,E07000069,90070,45,2001.556,-0.524,0.514,0.007,0.033,0.002,46.9,-0.485,-0.089,1.433,0,0,64.8,-0.206,0.611,1.147,0.445,0.532,0.931,0.758,11.668,-0.559,0.04,0.455,10.251,33,36.638,1,1.11,29,32.197,3,3.331,4,4.441
England,0,1,0,Chelmsford,E07000070,177079,339,522.357,-0.691,0.507,0.013,0.063,0.004,41.7,-0.485,-1.09,-0.149,0,0,53,-0.206,0.611,-0.448,-0.881,0.532,-0.133,0.753,12.05,-0.559,0.04,0.455,10.4888,54,30.495,2,1.129,51,28.801,1,0.565,3,1.694
England,0,1,0,Colchester,E07000071,192523,329,585.176,-0.601,0.503,0.035,0.081,0.004,37.9,-0.485,-0.089,-0.084,0,0,55.6,-0.206,0.611,-0.622,-0.738,0.532,-0.486,0.76,11.711,-0.559,0.04,0.455,10.2719,31,16.102,3,1.558,26,13.505,1,0.519,5,2.597
England,0,1,0,Epping Forest,E07000072,131137,339,386.835,-0.691,0.517,0.008,0.126,0.004,42.7,-0.485,-0.089,0.182,0,0,51.9,-0.206,0.611,-0.004,-0.24,0.532,0.291,0.765,11.439,-0.559,0.04,0.455,10.8349,79,60.242,11,8.388,66,50.329,1,0.763,13,9.913
England,0,1,0,Harlow,E07000073,86594,31,2793.355,-0.691,0.514,0.005,0.112,0.008,37.5,-0.485,1.58,-0.429,0,0,89.7,-0.206,0.611,-0.409,-0.176,0.532,-0.482,0.768,11.611,-0.559,0.04,0.455,10.4542,37,42.728,1,1.155,35,40.419,1,1.155,2,2.31
England,0,1,0,Maldon,E07000074,64425,359,179.457,-0.691,0.508,0.009,0.021,0.002,48.7,-0.485,-0.423,1.228,0,0,62.3,-0.206,0.611,0.743,0.59,0.532,0.64,0.755,11.963,-0.559,0.04,0.455,9.7416,14,21.731,0,0,14,21.731,0,0,0,0
England,0,1,0,Rochford,E07000075,86981,169,514.68,-0.691,0.51,0.007,0.031,0.003,46.1,-0.485,-1.09,1.399,0,0,45.5,-0.206,0.611,0.566,-0.322,0.532,0.747,0.755,12.135,-0.559,0.04,0.455,10.0676,32,36.79,0,0,31,35.64,1,1.15,1,1.15
England,0,1,0,Tendring,E07000076,145803,338,431.37,1.02,0.519,0.016,0.026,0.003,50.4,-0.485,0.578,1.394,4196,0,78.7,-0.206,0.611,2.499,2.59,0.532,2.183,0.765,11.75,-0.559,0.04,0.455,9.6639,43,29.492,1,0.686,39,26.748,1,0.686,4,2.743
England,0,1,0,Uttlesford,E07000077,89179,641,139.125,-0.691,0.51,0.014,0.037,0.003,44,-0.485,-1.424,0.391,0,0,50.6,-0.206,0.611,-0.464,-1.007,0.532,0.082,0.775,11.206,-0.559,0.04,0.455,9.8509,20,22.427,0,0,20,22.427,0,0,0,0
England,0,1,0,Cheltenham,E07000078,117090,47,2491.277,-0.437,0.509,0.031,0.059,0.005,40.2,-0.105,-0.423,-0.636,0,0,58.8,-0.193,0.629,-1.009,-0.736,0.536,-0.264,0.815,10.235,-0.559,0.664,0.498,9.7521,58,49.535,29,24.767,25,21.351,1,0.854,33,28.183
England,0,1,0,Cotswold,E07000079,89022,1165,76.414,-0.691,0.516,0.019,0.023,0.002,48.8,-0.105,-1.09,0.472,0,0,47.9,-0.193,0.629,0.359,0.099,0.536,1.155,0.838,9.406,-0.559,0.664,0.498,8.7012,21,23.59,3,3.37,16,17.973,0,0,5,5.617
England,0,1,0,Forest of Dean,E07000080,86543,526,164.53,-0.501,0.509,0.023,0.016,0.002,47.9,-0.105,-0.423,-0.164,0,0,59.9,-0.193,0.629,0.999,1.019,0.536,0.724,0.835,9.361,-0.559,0.664,0.498,8.2315,20,23.11,0,0,19,21.954,1,1.155,1,1.155
England,0,1,0,Gloucester,E07000081,129285,41,3153.293,0.407,0.506,0.014,0.109,0.006,38.9,-0.105,0.912,-0.514,0,0,85.7,-0.193,0.629,-0.367,-0.44,0.536,-0.605,0.815,10.139,-0.559,0.664,0.498,10.0707,46,35.58,14,10.829,25,19.337,7,5.414,21,16.243
England,0,1,0,Stroud,E07000082,119019,461,258.176,-0.691,0.508,0.011,0.022,0.002,46.4,-0.105,-0.757,1.635,0,0,48.4,-0.193,0.629,0.09,-0.093,0.536,0.586,0.828,9.922,-0.559,0.664,0.498,8.6826,34,28.567,7,5.881,25,21.005,1,0.84,9,7.562
England,0,1,0,Tewkesbury,E07000083,92599,414,223.669,-0.691,0.51,0.011,0.026,0.003,44.7,-0.105,-0.757,-0.114,0,0,59,-0.193,0.629,0.308,-0.211,0.536,0.625,0.8,10.583,-0.559,0.664,0.498,9.1591,32,34.558,9,9.719,21,22.678,2,2.16,11,11.879
England,0,1,0,Basingstoke and Deane,E07000084,175729,634,277.175,-0.691,0.506,0.008,0.072,0.004,41,0.052,-1.09,0.398,0,0.2,61.2,-0.614,0.149,-0.824,-1.002,0.083,-0.695,0.825,10.322,-0.559,0.491,0.619,10.0865,46,26.177,3,1.707,42,23.9,1,0.569,4,2.276
England,0,1,0,East Hampshire,E07000085,120681,514,234.788,-0.691,0.517,0.019,0.036,0.003,46.9,0.052,-1.09,0.488,0,0.2,46.6,-0.614,0.149,-0.025,-0.373,0.083,0.547,0.825,10.489,-0.559,0.491,0.619,9.4417,24,19.887,4,3.315,19,15.744,1,0.829,5,4.143
England,0,1,0,Eastleigh,E07000086,131819,80,1647.738,-0.691,0.513,0.007,0.054,0.003,42.2,0.052,-1.09,0.415,0,0.2,56,-0.614,0.149,-0.381,-0.578,0.083,-0.104,0.803,11.529,-0.559,0.491,0.619,10.6005,19,14.414,4,3.034,14,10.621,1,0.759,5,3.793
England,0,1,0,Fareham,E07000087,116339,74,1572.149,-0.691,0.511,0.013,0.033,0.003,46.3,0.052,-1.424,0.985,0,0.2,47.9,-0.614,0.149,0.266,-0.656,0.083,0.795,0.803,11.083,-0.559,0.491,0.619,10.5069,47,40.399,8,6.876,37,31.804,1,0.86,10,8.596
England,0,1,0,Gosport,E07000088,85283,25,3411.32,-0.511,0.502,0.01,0.036,0.004,42.2,0.052,0.912,0.284,0,0.2,69.3,-0.614,0.149,0.368,0.088,0.083,-0.013,0.8,11.119,-0.559,0.491,0.619,10.6211,27,31.659,4,4.69,23,26.969,0,0,4,4.69
England,0,1,0,Hart,E07000089,96293,215,447.874,-0.691,0.504,0.018,0.052,0.003,43.4,0.052,-1.758,0.523,0,0.2,39,-0.614,0.149,-1.061,-1.056,0.083,-0.098,0.803,11.226,-0.559,0.491,0.619,9.9825,22,22.847,1,1.038,20,20.77,0,0,2,2.077
England,0,1,0,Havant,E07000090,125813,55,2287.509,0.041,0.516,0.01,0.03,0.004,45.8,0.052,0.578,1.718,0,0.2,65.8,-0.614,0.149,0.933,1.453,0.083,0.908,0.805,11.333,-0.559,0.491,0.619,10.7341,42,33.383,8,6.359,34,27.024,0,0,8,6.359
England,0,1,0,New Forest,E07000091,179753,753,238.716,-0.691,0.519,0.017,0.026,0.003,50.4,0.052,-1.09,1.101,0,0.2,44.6,-0.614,0.149,1.736,0.792,0.083,1.873,0.805,11.018,1.758,0.491,0.619,9.1675,35,19.471,8,4.451,26,14.464,0,0,9,5.007
England,0,1,0,Rushmoor,E07000092,95142,39,2439.538,-0.691,0.495,0.02,0.153,0.013,38.3,0.052,0.578,-0.049,0,0.2,63.5,-0.614,0.149,-1.531,-0.881,0.083,-1.266,0.788,11.864,-0.559,0.491,0.619,10.9301,16,16.817,1,1.051,13,13.664,0,0,3,3.153
England,0,1,0,Test Valley,E07000093,125169,628,199.314,-0.691,0.512,0.016,0.042,0.003,44.9,0.052,-0.757,-0.91,0,0.2,54.4,-0.614,0.149,0.01,-0.49,0.083,0.274,0.825,10.671,-0.559,0.491,0.619,9.5998,16,12.783,3,2.397,13,10.386,0,0,3,2.397
England,0,1,0,Winchester,E07000094,124295,661,188.041,-0.691,0.513,0.043,0.045,0.004,43.4,0.052,-1.424,-0.034,0,0.2,48.3,-0.614,0.149,-0.664,-0.75,0.083,0.32,0.828,10.485,-0.559,0.491,0.619,9.5229,26,20.918,6,4.827,20,16.091,0,0,6,4.827
England,0,1,0,Broxbourne,E07000095,96876,51,1899.529,-0.691,0.516,0.004,0.1,0.007,40.1,-0.737,0.245,-0.371,0,0,62,-1.079,-0.188,-0.034,-0.531,-0.325,-0.226,0.763,11.758,-0.559,-0.326,0.455,10.7932,41,42.322,4,4.129,32,33.032,3,3.097,9,9.29
England,0,1,0,Dacorum,E07000096,154280,212,727.736,-0.691,0.509,0.014,0.096,0.004,40.6,-0.737,-0.423,0.749,0,0,56,-1.079,-0.188,-0.572,-0.686,-0.325,-0.188,0.818,10.178,1.812,-0.326,0.455,10.1425,46,29.816,8,5.185,35,22.686,3,1.945,11,7.13
England,0,1,0,Hertsmere,E07000098,104205,101,1031.733,-0.538,0.519,0.016,0.289,0.008,40.7,-0.737,-0.423,-0.026,0,0,53.3,-1.079,-0.188,-0.572,-0.636,-0.325,-0.035,0.778,10.931,-0.559,-0.326,0.455,10.8172,96,92.126,19,18.233,71,68.135,5,4.798,25,23.991
England,0,1,0,North Hertfordshire,E07000099,133214,375,355.237,-0.691,0.51,0.01,0.107,0.003,42.1,-0.737,-1.09,-0.059,0,0,54.1,-1.079,-0.188,-0.438,-0.563,-0.325,0.095,0.788,10.856,-0.559,-0.326,0.455,10.0752,29,21.769,6,4.504,22,16.515,0,0,7,5.255
England,0,1,0,Three Rivers,E07000102,93045,89,1045.449,-0.691,0.512,0.011,0.156,0.004,41.8,-0.737,-0.757,-0.463,0,0,53.1,-1.079,-0.188,0.107,-0.604,-0.325,0.207,0.785,11.037,-0.559,-0.326,0.455,10.5541,31,33.317,5,5.374,25,26.869,1,1.075,6,6.448
England,0,1,0,Watford,E07000103,96767,21,4607.952,-0.691,0.504,0.008,0.292,0.017,36.7,-0.737,0.245,-1.475,0,0,76.9,-1.079,-0.188,-1.422,-1.654,-0.325,-1.098,0.78,11.092,1.848,-0.326,0.455,11.1419,53,54.771,13,13.434,38,39.27,2,2.067,15,15.501
England,0,1,0,Ashford,E07000105,129281,581,222.515,-0.569,0.514,0.008,0.064,0.005,41.9,-0.46,-0.089,0.44,0,0.067,54.5,-0.169,0.577,0.012,0.444,0.453,-0.044,0.798,11.456,-0.559,-0.011,0.619,10.1286,27,20.885,9,6.962,16,12.376,1,0.774,11,8.509
England,0,1,0,Canterbury,E07000106,164553,309,532.534,-0.48,0.508,0.057,0.071,0.005,38,-0.46,-0.089,0.181,0,0.067,58,-0.169,0.577,-0.79,0.188,0.453,0.126,0.783,11.785,-0.559,-0.011,0.619,9.9628,28,17.016,4,2.431,20,12.154,1,0.608,8,4.862
England,0,1,0,Dartford,E07000107,109709,73,1502.863,-0.527,0.507,0.01,0.127,0.006,37.3,-0.46,-0.089,0.072,0,0.067,69.2,-0.169,0.577,-0.812,-0.583,0.453,-0.632,0.733,12.388,1.812,-0.011,0.619,12.1081,36,32.814,5,4.558,30,27.345,1,0.912,6,5.469
England,0,1,0,Dover,E07000108,116969,315,371.33,0.019,0.506,0.02,0.034,0.008,46.4,-0.46,0.912,1.503,24943,0.067,71,-0.169,0.577,1.159,2.008,0.453,0.655,0.793,11.421,-0.559,-0.011,0.619,9.7281,23,19.663,2,1.71,20,17.099,1,0.855,3,2.565
England,0,1,0,Gravesham,E07000109,106385,99,1074.596,-0.393,0.508,0.007,0.172,0.010,39.6,-0.46,0.245,-0.082,0,0.067,62.6,-0.169,0.577,-0.33,0.105,0.453,-0.196,0.763,11.562,-0.559,-0.011,0.619,11.7332,36,33.839,1,0.94,33,31.019,0,0,3,2.82
England,0,1,0,Maidstone,E07000110,169955,393,432.455,-0.49,0.507,0.017,0.06,0.006,41.4,-0.46,-0.089,0.268,0,0.067,55.6,-0.169,0.577,-0.349,-0.641,0.453,-0.049,0.793,11.346,-0.559,-0.011,0.619,10.6754,27,15.887,10,5.884,15,8.826,2,1.177,12,7.061
England,0,1,0,Sevenoaks,E07000111,120293,369,325.997,-0.691,0.514,0.011,0.044,0.003,44.1,-0.46,-1.09,0.013,0,0.067,50.3,-0.169,0.577,-0.068,0.258,0.453,0.507,0.79,11.099,-0.559,-0.011,0.619,10.3268,36,29.927,6,4.988,28,23.276,1,0.831,8,6.65
England,0,1,0,Folkestone and Hythe,E07000112,112578,357,315.345,-0.123,0.505,0.017,0.054,0.009,46.9,-0.46,0.578,1.463,0,0.067,63.4,-0.169,0.577,0.959,1.433,0.453,,0.805,11.435,-0.559,-0.011,,9.6799,21,18.654,3,2.665,17,15.101,0,0,4,3.553
England,0,1,0,Swale,E07000113,148519,374,397.11,1.099,0.505,0.018,0.035,0.005,41.3,-0.46,1.246,0.984,0,0.067,67.1,-0.169,0.577,0.401,0.667,0.453,-0.202,0.775,11.947,-0.559,-0.011,0.619,10.5563,39,26.259,5,3.367,31,20.873,3,2.02,8,5.387
England,0,1,0,Thanet,E07000114,141819,103,1376.883,1.348,0.516,0.018,0.047,0.007,44.7,-0.46,1.58,0.689,0,0.067,78,-0.169,0.577,1.075,2.625,0.453,0.924,0.78,11.479,-0.559,-0.011,0.619,10.2372,39,27.5,8,5.641,27,19.038,2,1.41,12,8.461
England,0,1,0,Tonbridge and Malling,E07000115,130508,240,543.783,-0.691,0.511,0.012,0.042,0.003,42.3,-0.46,-0.757,-0.205,0,0.067,53,-0.169,0.577,-0.395,-0.334,0.453,-0.034,0.795,11.028,-0.559,-0.011,0.619,10.5968,19,14.558,4,3.065,15,11.494,0,0,4,3.065
England,0,1,0,Tunbridge Wells,E07000116,118054,331,356.659,-0.691,0.507,0.021,0.052,0.006,43,-0.46,-0.757,0.319,0,0.067,57.6,-0.169,0.577,-0.76,-0.529,0.453,-0.023,0.798,11.365,-0.559,-0.011,0.619,9.8733,16,13.553,6,5.082,8,6.777,2,1.694,8,6.777
England,0,1,0,Burnley,E07000117,88527,111,797.541,2.955,0.507,0.011,0.127,0.007,39.9,0.199,0.912,0.57,0,0.133,101,0.385,0.376,0.294,1.49,0.232,-0.196,0.833,6.883,-0.559,0.475,0.39,7.9459,23,25.981,3,3.389,20,22.592,0,0,3,3.389
England,0,1,0,Chorley,E07000118,116821,203,575.473,-0.258,0.5,0.027,0.031,0.003,43.4,0.199,-0.089,0.315,0,0.133,71.9,0.385,0.376,0.028,-0.051,0.232,-0.176,0.813,7.742,-0.559,0.475,0.39,7.6108,35,29.96,5,4.28,29,24.824,0,0,6,5.136
England,0,1,0,Fylde,E07000119,79770,166,480.542,-0.318,0.511,0.023,0.029,0.001,50.1,0.199,-0.757,1.31,0,0.133,65.6,0.385,0.376,1.455,0.797,0.232,1.614,0.813,8.049,-0.559,0.475,0.39,6.4481,23,28.833,7,8.775,16,20.058,0,0,7,8.775
England,0,1,0,Hyndburn,E07000120,80815,73,1107.055,1.87,0.506,0.008,0.123,0.008,39.7,0.199,1.913,0.742,0,0.133,94.6,0.385,0.376,0.35,0.914,0.232,-0.273,0.83,7.321,-0.559,0.475,0.39,8.0695,18,22.273,0,0,15,18.561,2,2.475,3,3.712
England,0,1,0,Lancaster,E07000121,144246,576,250.427,0.699,0.506,0.065,0.044,0.004,39.7,0.199,0.245,0.742,4703,0.133,77.2,0.385,0.376,-0.208,0.423,0.232,-0.032,0.878,5.883,1.776,0.475,0.39,6.9923,34,23.571,2,1.387,30,20.798,0,0,4,2.773
England,0,1,0,Pendle,E07000122,91405,169,540.858,2.313,0.504,0.007,0.202,0.009,39.7,0.199,1.246,0.109,0,0.133,90.1,0.385,0.376,0.783,0.562,0.232,-0.061,0.848,6.204,-0.559,0.475,0.39,7.9208,29,31.727,4,4.376,22,24.069,2,2.188,7,7.658
England,0,1,0,Preston,E07000123,141818,142,998.718,1.078,0.493,0.041,0.199,0.008,35.2,0.199,0.912,-0.708,0,0.133,93.1,0.385,0.376,-1.22,-0.404,0.232,-0.88,0.825,7.622,-0.559,0.475,0.39,8.0007,35,24.68,2,1.41,28,19.744,4,2.821,7,4.936
England,0,1,0,Ribble Valley,E07000124,60057,583,103.014,-0.691,0.509,0.021,0.022,0.001,47.9,0.199,-1.424,0.656,0,0.133,64.8,0.385,0.376,0.209,-0.286,0.232,0.744,0.883,5.558,-0.559,0.475,0.39,6.5522,8,13.321,1,1.665,7,11.656,0,0,1,1.665
England,0,1,0,Rossendale,E07000125,70895,138,513.732,0.636,0.507,0.011,0.063,0.004,42.5,0.199,1.246,0.048,0,0.133,82.5,0.385,0.376,0.089,0.73,0.232,-0.383,0.865,5.653,-0.559,0.475,0.39,7.0187,10,14.105,2,2.821,7,9.874,1,1.411,3,4.232
England,0,1,0,South Ribble,E07000126,110527,113,978.115,-0.283,0.511,0.008,0.03,0.001,44.3,0.199,-0.423,1.055,0,0.133,62.8,0.385,0.376,0.029,-0.307,0.232,0.074,0.81,7.965,-0.559,0.475,0.39,7.6678,28,25.333,2,1.81,23,20.809,3,2.714,5,4.524
England,0,1,0,West Lancashire,E07000127,113949,347,328.383,0.091,0.516,0.018,0.019,0.002,44.4,0.199,-0.757,-0.372,0,0.133,71.4,0.385,0.376,0.016,-0.099,0.232,0.203,0.778,8.567,-0.559,0.475,0.39,7.3104,38,33.348,5,4.388,32,28.083,1,0.878,6,5.266
England,0,1,0,Wyre,E07000128,111223,282,394.408,0.687,0.512,0.017,0.018,0.002,49.5,0.199,-0.089,1.673,0,0.133,76,0.385,0.376,2.123,1.094,0.232,1.636,0.82,7.797,-0.559,0.475,0.39,6.5696,21,18.881,1,0.899,19,17.083,1,0.899,2,1.798
England,0,1,0,Blaby,E07000129,100421,130,772.469,-0.691,0.512,0.011,0.091,0.002,43,-0.225,-1.09,0.755,0,0,54.2,-0.293,0.122,0.25,-0.859,0.034,0.293,0.783,10.257,-0.559,0.497,0.495,9.6091,19,18.92,0,0,18,17.925,1,0.996,1,0.996
England,0,1,0,Charnwood,E07000130,182643,279,654.634,-0.499,0.495,0.044,0.127,0.004,38.5,-0.225,-0.757,-0.803,0,0,65.3,-0.293,0.122,-0.978,-0.931,0.034,-0.25,0.765,10.565,-0.559,0.497,0.495,9.272,39,21.353,12,6.57,25,13.688,2,1.095,14,7.665
England,0,1,0,Harborough,E07000131,92499,592,156.248,-0.691,0.506,0.016,0.049,0.002,46.1,-0.225,-1.424,0.59,0,0,50.7,-0.293,0.122,0.145,-1.146,0.034,0.411,0.783,10.122,1.597,0.497,0.495,8.9883,16,17.297,4,4.324,10,10.811,2,2.162,6,6.487
England,0,1,0,Hinckley and Bosworth,E07000132,112423,297,378.529,-0.691,0.509,0.008,0.036,0.002,45,-0.225,-0.423,0.805,0,0,57.7,-0.293,0.122,0.509,-0.407,0.034,0.262,0.78,10.301,-0.559,0.497,0.495,9.1404,22,19.569,2,1.779,19,16.9,1,0.889,3,2.668
England,0,1,0,Melton,E07000133,51100,481,106.237,-0.691,0.511,0.009,0.021,0.003,47.1,-0.225,-0.089,0.275,0,0,54.5,-0.293,0.122,-0.001,-0.69,0.034,0.286,0.778,9.978,-0.559,0.497,0.495,8.6671,16,31.311,7,13.699,8,15.656,1,1.957,8,15.656
England,0,1,0,North West Leicestershire,E07000134,102126,279,366.043,-0.363,0.505,0.008,0.025,0.002,43.9,-0.225,-0.089,0.183,0,0,68.2,-0.293,0.122,0.956,0.215,0.034,0.016,0.79,9.814,-0.559,0.497,0.495,8.6346,30,29.375,8,7.833,21,20.563,1,0.979,9,8.813
England,0,1,0,Oadby and Wigston,E07000135,57056,24,2377.333,-0.691,0.514,0.043,0.272,0.003,42.7,-0.225,-1.09,-0.838,0,0,65,-0.293,0.122,-0.209,0.301,0.034,0.865,0.785,10.074,-0.559,0.497,0.495,9.4226,21,36.806,4,7.011,17,29.795,0,0,4,7.011
England,0,1,0,Boston,E07000136,69366,365,190.044,-0.426,0.503,0.014,0.032,0.008,41.8,1.145,2.581,-0.259,711,0,85.3,0.629,0.662,0.821,1.397,0.688,0.408,0.76,10.762,-0.559,0.604,0.495,9.4071,11,15.858,1,1.442,10,14.416,0,0,1,1.442
England,0,1,0,East Lindsey,E07000137,140741,1765,79.74,0.836,0.512,0.022,0.016,0.003,52,1.145,0.578,1.868,0,0,90.3,0.629,0.662,2.782,2.909,0.688,1.66,0.768,9.647,1.273,0.604,0.495,8.7445,13,9.237,0,0,12,8.526,1,0.711,1,0.711
England,0,1,0,Lincoln,E07000138,99039,36,2751.083,0.978,0.503,0.061,0.045,0.007,33.5,1.145,1.58,-0.08,0,0,112.8,0.629,0.662,-1.343,-0.411,0.688,-1.108,0.75,9.862,-0.559,0.604,0.495,9.589,8,8.078,0,0,6,6.058,2,2.019,2,2.019
England,0,1,0,North Kesteven,E07000139,115985,922,125.797,-0.691,0.512,0.017,0.018,0.001,46.1,1.145,-0.757,1.059,0,0,59.9,0.629,0.662,0.438,-0.226,0.688,0.705,0.763,9.921,-0.559,0.604,0.495,9.2036,22,18.968,5,4.311,16,13.795,0,0,6,5.173
England,0,1,0,South Holland,E07000140,93980,751,125.14,-0.691,0.508,0.01,0.022,0.005,46.2,1.145,1.58,0.295,0,0,85.1,0.629,0.662,1.552,1.046,0.688,1.086,0.755,11.221,-0.559,0.604,0.495,9.3682,15,15.961,0,0,15,15.961,0,0,0,0
England,0,1,0,South Kesteven,E07000141,141853,943,150.427,-0.574,0.518,0.01,0.026,0.002,46.2,1.145,-0.423,0.615,0,0,57.9,0.629,0.662,0.528,0.223,0.688,0.383,0.768,10.339,-0.559,0.604,0.495,9.2777,14,9.869,3,2.115,10,7.05,0,0,4,2.82
England,0,1,0,West Lindsey,E07000142,94869,1156,82.067,0.041,0.511,0.016,0.019,0.002,47.9,1.145,-0.757,1.025,0,0,69,0.629,0.662,1.055,0.718,0.688,0.712,0.755,9.757,-0.559,0.604,0.495,9.0688,3,3.162,0,0,3,3.162,0,0,0,0
England,0,1,0,Breckland,E07000143,139329,1305,106.766,-0.569,0.504,0.022,0.027,0.004,46.4,0.433,0.578,1.244,0,0,54.2,0.879,1.376,0.99,1.034,1.503,0.93,0.765,11.515,-0.559,0.721,0.455,9.651,18,12.919,5,3.589,13,9.33,0,0,5,3.589
England,0,1,0,Broadland,E07000144,129464,552,234.536,-0.691,0.513,0.014,0.024,0.001,48,0.433,-1.09,0.18,0,0,53.3,0.879,1.376,0.859,0.256,1.503,1.219,0.748,12.063,-0.559,0.721,0.455,9.6456,16,12.359,0,0,15,11.586,0,0,1,0.772
England,0,1,0,Great Yarmouth,E07000145,99370,174,571.092,1.648,0.506,0.011,0.032,0.006,45.7,0.433,2.247,0.241,1182,0,79.7,0.879,1.376,1.418,2.172,1.503,0.742,0.755,11.465,-0.559,0.721,0.455,9.7636,21,21.133,0,0,21,21.133,0,0,0,0
England,0,1,0,King's Lynn and West Norfolk,E07000146,151811,1439,105.498,0.058,0.51,0.015,0.028,0.006,47.4,0.433,0.912,0.338,0,0,65.2,0.879,1.376,1.45,1.688,1.503,1.185,0.763,11.588,-0.559,0.721,0.455,9.6613,42,27.666,4,2.635,38,25.031,0,0,4,2.635
England,0,1,0,North Norfolk,E07000147,104552,962,108.682,-0.691,0.513,0.024,0.015,0.002,53.8,0.433,-0.423,1.33,0,0,56.8,0.879,1.376,2.726,2.89,1.503,2.498,0.758,11.399,-0.559,0.721,0.455,9.0466,17,16.26,0,0,17,16.26,0,0,0,0
England,0,1,0,Norwich,E07000148,141137,39,3618.897,1.257,0.504,0.036,0.093,0.005,33.3,0.433,1.246,-0.062,0,0,87.4,0.879,1.376,-1.563,-0.238,1.503,-1.006,0.738,12.572,2.1,0.721,0.455,10.3557,3,2.126,0,0,3,2.126,0,0,0,0
England,0,1,0,South Norfolk,E07000149,138017,908,152.001,-0.691,0.512,0.014,0.025,0.002,46.2,0.433,-1.09,1.081,0,0,49.7,0.879,1.376,0.557,0.298,1.503,0.956,0.755,11.937,-0.559,0.721,0.455,9.5959,14,10.144,2,1.449,11,7.97,1,0.725,3,2.174
England,0,1,0,Corby,E07000150,70827,80,885.338,0.238,0.507,0.004,0.045,0.003,37.4,0.163,2.915,-0.281,0,0,86,-0.349,0.035,-0.245,0.378,-0.038,-1.067,0.785,10.19,-0.559,-0.484,0.495,9.2498,14,19.766,0,0,14,19.766,0,0,0,0
England,0,1,0,Daventry,E07000151,84484,663,127.427,-0.475,0.503,0.025,0.036,0.002,45.1,0.163,-0.757,1.03,0,0,60.3,-0.349,0.035,0.089,-0.559,-0.038,-0.059,0.8,9.601,-0.559,-0.484,0.495,9.1664,21,24.857,1,1.184,20,23.673,0,0,1,1.184
England,0,1,0,East Northamptonshire,E07000152,93906,510,184.129,-0.691,0.506,0.021,0.035,0.002,44.6,0.163,-0.089,0.301,0,0,66.6,-0.349,0.035,0.137,-0.38,-0.038,-0.038,0.773,10.861,-0.559,-0.484,0.495,9.6243,35,37.271,14,14.909,20,21.298,0,0,15,15.973
England,0,1,0,Kettering,E07000153,101266,233,434.618,-0.023,0.509,0.01,0.062,0.003,41.2,0.163,0.912,0.275,0,0,70.1,-0.349,0.035,0.291,0.199,-0.038,-0.251,0.78,10.322,-0.559,-0.484,0.495,9.9042,21,20.737,3,2.962,18,17.775,0,0,3,2.962
England,0,1,0,Northampton,E07000154,225146,81,2779.58,0.167,0.503,0.017,0.156,0.010,37.2,0.163,1.58,-1.071,0,0,84,-0.349,0.035,-0.887,-0.357,-0.038,-0.988,0.788,10.399,1.776,-0.484,0.495,10.4061,63,27.982,7,3.109,51,22.652,3,1.332,12,5.33
England,0,1,0,South Northamptonshire,E07000155,92515,634,145.923,-0.691,0.508,0.008,0.032,0.002,45.2,0.163,-1.09,0.553,0,0,54.4,-0.349,0.035,0.017,-0.603,-0.038,-0.004,0.8,9.935,-0.559,-0.484,0.495,9.4674,18,19.456,1,1.081,17,18.375,0,0,1,1.081
England,0,1,0,Wellingborough,E07000156,79478,163,487.595,-0.084,0.509,0.01,0.127,0.004,41.9,0.163,1.58,0.331,0,0,79.9,-0.349,0.035,0.308,0.812,-0.038,-0.184,0.783,10.644,-0.559,-0.484,0.495,10.0602,15,18.873,2,2.516,13,16.357,0,0,2,2.516
England,0,1,0,Craven,E07000163,56832,1177,48.285,-0.691,0.515,0.019,0.026,0.004,50.1,0.715,-1.424,0.958,0,0,40.8,0.467,1.055,0.683,0.341,1.143,1.328,0.843,5.949,-0.559,1.06,0.403,6.2985,25,43.989,6,10.557,13,22.874,4,7.038,12,21.115
England,0,1,0,Hambleton,E07000164,91134,1311,69.515,-0.691,0.509,0.02,0.017,0.002,49.4,0.715,-1.758,1.132,0,0,49.8,0.467,1.055,0.842,0.793,1.143,0.909,0.773,8.483,1.561,1.06,0.403,7.2011,26,28.529,5,5.486,21,23.043,0,0,5,5.486
England,0,1,0,Harrogate,E07000165,160533,1308,122.732,-0.6,0.511,0.026,0.039,0.004,47,0.715,-1.09,0.835,0,0,60.1,0.467,1.055,0.249,0.192,1.143,0.601,0.77,8.26,-0.559,1.06,0.403,7.0806,44,27.409,16,9.967,25,15.573,1,0.623,19,11.836
England,0,1,0,Richmondshire,E07000166,53244,1319,40.367,-0.691,0.467,0.089,0.047,0.003,43.9,0.715,-0.757,0.366,0,0,59.9,0.467,1.055,-0.709,-0.144,1.143,-0.126,0.878,3.981,-0.559,1.06,0.403,6.3532,9,16.903,0,0,8,15.025,1,1.878,1,1.878
England,0,1,0,Ryedale,E07000167,54920,1507,36.443,-0.691,0.51,0.022,0.014,0.003,50,0.715,-1.09,0.071,0,0,43.2,0.467,1.055,1.206,1.412,1.143,1.318,0.763,9.717,-0.559,1.06,0.403,7.4078,8,14.567,0,0,7,12.746,1,1.821,1,1.821
England,0,1,0,Scarborough,E07000168,108736,816,133.255,0.515,0.514,0.022,0.025,0.004,49.7,0.715,0.245,1.364,0,0,77.6,0.467,1.055,1.467,1.978,1.143,1.217,0.765,8.61,-0.559,1.06,0.403,7.4835,21,19.313,8,7.357,11,10.116,2,1.839,10,9.197
England,0,1,0,Selby,E07000169,89106,599,148.758,-0.501,0.509,0.009,0.017,0.004,44.6,0.715,-0.757,0.064,0,0,64.1,0.467,1.055,0.03,0.026,1.143,-0.12,0.71,10.11,-0.559,1.06,0.403,8.2161,11,12.345,2,2.245,8,8.978,1,1.122,3,3.367
England,0,1,0,Ashfield,E07000170,127151,110,1155.918,0.852,0.509,0.011,0.023,0.003,42.1,1.258,0.912,0.179,0,0.067,82.2,-0.02,-0.028,0.683,0.824,-0.121,-0.254,0.775,9.208,-0.559,0.876,0.495,8.4402,45,35.391,9,7.078,33,25.953,2,1.573,12,9.438
England,0,1,0,Bassetlaw,E07000171,116839,638,183.133,-0.012,0.504,0.026,0.027,0.003,45.6,1.258,0.578,-0.017,0,0.067,74.5,-0.02,-0.028,0.906,0.415,-0.121,0.232,0.728,10.289,-0.559,0.876,0.495,8.5489,14,11.982,3,2.568,11,9.415,0,0,3,2.568
England,0,1,0,Broxtowe,E07000172,113272,80,1415.9,-0.691,0.503,0.008,0.074,0.003,43.2,1.258,-0.423,-0.463,0,0.067,60.8,-0.02,-0.028,0.05,-0.291,-0.121,0.21,0.775,9.821,-0.559,0.876,0.495,9.0226,33,29.133,3,2.648,30,26.485,0,0,3,2.648
England,0,1,0,Gedling,E07000173,117786,120,981.55,-0.567,0.513,0.007,0.07,0.003,44,1.258,-0.423,0.15,0,0.067,66.6,-0.02,-0.028,0.274,0.141,-0.121,0.304,0.768,9.554,1.776,0.876,0.495,8.9966,39,33.111,9,7.641,29,24.621,1,0.849,10,8.49
England,0,1,0,Mansfield,E07000174,108841,77,1413.519,0.729,0.508,0.009,0.028,0.004,42.1,1.258,1.246,0.587,0,0.067,77.4,-0.02,-0.028,0.868,1.242,-0.121,-0.145,0.755,9.785,-0.559,0.876,0.495,8.441,39,35.832,4,3.675,30,27.563,1,0.919,9,8.269
England,0,1,0,Newark and Sherwood,E07000175,121566,651,186.737,-0.283,0.508,0.02,0.025,0.003,45.2,1.258,-0.089,0.029,0,0.067,64.3,-0.02,-0.028,0.397,0.514,-0.121,0.342,0.75,10.072,-0.559,0.876,0.495,8.9479,33,27.146,8,6.581,24,19.742,1,0.823,9,7.403
England,0,1,0,Rushcliffe,E07000176,117671,409,287.704,-0.691,0.506,0.021,0.071,0.002,43.9,1.258,-2.092,-0.128,0,0.067,49.9,-0.02,-0.028,-0.638,-0.634,-0.121,0.4,0.755,10.233,-0.559,0.876,0.495,8.8271,23,19.546,7,5.949,15,12.747,1,0.85,8,6.799
England,0,1,0,Cherwell,E07000177,149161,589,253.244,-0.691,0.504,0.021,0.079,0.006,41.1,-0.536,-0.089,0.791,0,0.133,54.3,-1.526,-0.504,0.005,-0.512,-0.461,-0.409,0.81,10.085,-0.559,-0.278,0.619,10.2579,42,28.157,17,11.397,24,16.09,1,0.67,18,12.067
England,0,1,0,Oxford,E07000178,154327,46,3354.935,-0.577,0.49,0.123,0.23,0.016,29,-0.536,-0.757,-2.211,0,0.133,69.1,-1.526,-0.504,-2.923,-1.827,-0.461,-1.979,0.805,10.499,2.135,-0.278,0.619,10.8641,36,23.327,11,7.128,16,10.368,7,4.536,20,12.959
England,0,1,0,South Oxfordshire,E07000179,140504,679,206.928,-0.691,0.507,0.021,0.041,0.003,44.3,-0.536,-1.09,-0.084,0,0.133,42.6,-1.526,-0.504,-0.494,-0.685,-0.461,0.26,0.81,10.843,-0.559,-0.278,0.619,9.9215,32,22.775,11,7.829,21,14.946,0,0,11,7.829
England,0,1,0,Vale of White Horse,E07000180,133732,578,231.37,-0.691,0.502,0.024,0.052,0.002,42.6,-0.536,-1.09,0.485,0,0.133,45.8,-1.526,-0.504,-0.403,-0.494,-0.461,0.248,0.815,10.396,-0.559,-0.278,0.619,9.9914,63,47.109,35,26.172,26,19.442,2,1.496,37,27.667
England,0,1,0,West Oxfordshire,E07000181,109800,714,153.782,-0.691,0.508,0.023,0.033,0.003,44.4,-0.536,-1.09,0.917,0,0.133,44.9,-1.526,-0.504,-0.305,-0.693,-0.461,0.256,0.828,9.614,-0.559,-0.278,0.619,9.5659,33,30.055,11,10.018,21,19.126,1,0.911,12,10.929
England,0,1,0,Mendip,E07000187,114881,739,155.455,-0.546,0.513,0.03,0.021,0.004,46.6,-0.178,0.245,1.542,0,0,55.2,0.885,1.027,0.377,0.969,1.131,0.582,0.853,9.425,-0.559,0.912,0.498,8.1116,8,6.964,1,0.87,6,5.223,0,0,2,1.741
England,0,1,0,Sedgemoor,E07000188,122791,564,217.715,-0.148,0.509,0.013,0.017,0.003,46.5,-0.178,0.912,1.492,0,0,59.1,0.885,1.027,1.139,1.383,1.131,0.733,0.813,10.36,0.088,0.912,0.498,8.1804,15,12.216,2,1.629,12,9.773,1,0.814,3,2.443
England,0,1,0,South Somerset,E07000189,167861,959,175.038,-0.599,0.509,0.021,0.02,0.003,47.2,-0.178,0.245,1.148,0,0,58.2,0.885,1.027,0.737,0.718,1.131,1.032,0.82,10.592,-0.559,0.912,0.498,7.9176,14,8.34,6,3.574,8,4.766,0,0,6,3.574
England,0,1,0,Cannock Chase,E07000192,100109,79,1267.203,-0.374,0.504,0.007,0.023,0.004,42.6,0.397,0.578,0.289,0,0,77,-0.016,1.222,0.326,-0.142,1.284,-0.445,0.793,9.724,-0.559,0.351,0.414,8.5356,36,35.961,5,4.995,31,30.966,0,0,5,4.995
England,0,1,0,East Staffordshire,E07000193,118574,387,306.393,-0.294,0.498,0.018,0.096,0.004,42.1,0.397,0.245,-0.467,0,0,70.8,-0.016,1.222,0.354,0.017,1.284,-0.073,0.79,9.781,-0.559,0.351,0.414,8.4018,54,45.541,7,5.903,43,36.264,3,2.53,11,9.277
England,0,1,0,Lichfield,E07000194,103965,331,314.094,-0.691,0.505,0.017,0.033,0.003,46.3,0.397,-1.09,0.839,0,0,59.8,-0.016,1.222,0.525,-0.218,1.284,0.459,0.763,10.688,-0.559,0.351,0.414,8.5628,52,50.017,6,5.771,41,39.436,4,3.847,11,10.58
England,0,1,0,Newcastle-under-Lyme,E07000195,129490,211,613.697,-0.453,0.503,0.034,0.051,0.003,41.9,0.397,-0.089,-0.089,0,0,78.1,-0.016,1.222,-0.136,0.057,1.284,0.085,0.798,9.394,-0.559,0.351,0.414,7.6252,42,32.435,9,6.95,32,24.712,1,0.772,10,7.723
England,0,1,0,South Staffordshire,E07000196,112126,407,275.494,-0.691,0.499,0.018,0.041,0.002,47.7,0.397,-1.09,0.465,0,0,61.1,-0.016,1.222,0.651,0.002,1.284,0.668,0.778,10.429,-0.559,0.351,0.414,8.4542,46,41.025,6,5.351,39,34.782,1,0.892,7,6.243
England,0,1,0,Stafford,E07000197,135880,598,227.224,-0.691,0.5,0.025,0.051,0.003,45.2,0.397,-0.423,-0.029,0,0,52.9,-0.016,1.222,0.186,-0.121,1.284,0.365,0.785,10.056,-0.559,0.351,0.414,7.6986,29,21.342,3,2.208,25,18.399,1,0.736,4,2.944
England,0,1,0,Staffordshire Moorlands,E07000198,98397,576,170.828,-0.691,0.506,0.013,0.013,0.002,48.2,0.397,-0.757,0.237,0,0,56.4,-0.016,1.222,1.108,0.565,1.284,0.796,0.83,8.118,-0.559,0.351,0.414,6.9631,21,21.342,4,4.065,15,15.244,2,2.033,6,6.098
England,0,1,0,Tamworth,E07000199,76678,31,2473.484,0.055,0.51,0.005,0.027,0.004,41.2,0.397,0.578,-0.181,0,0,71.6,-0.016,1.222,-0.037,-0.189,1.284,-0.805,0.758,10.681,-0.559,0.351,0.414,9.3209,30,39.125,0,0,29,37.82,0,0,1,1.304
England,0,1,0,Babergh,E07000200,91401,594,153.874,-0.691,0.512,0.018,0.023,0.002,48.5,0.398,-0.757,0.77,0,0,47.9,0.654,0.525,0.947,0.783,0.331,0.99,0.76,11.792,-0.559,0.743,0.455,9.9836,15,16.411,2,2.188,13,14.223,0,0,2,2.188
England,0,1,0,Ipswich,E07000202,137532,40,3438.3,0.652,0.5,0.016,0.111,0.007,37.8,0.398,1.246,-0.327,2071,0,85,0.654,0.525,-0.522,-0.106,0.331,-0.604,0.755,12.036,1.668,0.743,0.455,10.9676,39,28.357,4,2.908,32,23.267,2,1.454,7,5.09
England,0,1,0,Mid Suffolk,E07000203,102493,871,117.673,-0.691,0.505,0.015,0.022,0.002,47.6,0.398,-1.09,0.393,0,0,43,0.654,0.525,0.505,0.362,0.331,0.7,0.76,11.613,-0.559,0.743,0.455,9.9134,21,20.489,6,5.854,15,14.635,0,0,6,5.854
England,0,1,0,Elmbridge,E07000207,136626,95,1438.168,-0.691,0.515,0.011,0.103,0.004,42.7,-1.577,-1.758,-0.319,0,0.267,51.6,-1.295,-0.323,-0.661,-1.426,-0.349,0.133,0.765,12.043,-0.559,0.196,0.619,11.0702,46,33.669,7,5.123,31,22.69,4,2.928,15,10.979
England,0,1,0,Epsom and Ewell,E07000208,79928,34,2350.824,-0.691,0.513,0.014,0.144,0.004,41.5,-1.577,-1.424,-1.18,0,0.267,48.4,-1.295,-0.323,-1.024,-1.031,-0.349,0.113,0.765,11.854,-0.559,0.196,0.619,11.279,39,48.794,2,2.502,35,43.789,1,1.251,4,5.005
England,0,1,0,Guildford,E07000209,147889,271,545.716,-0.691,0.5,0.046,0.093,0.005,37.5,-1.577,-1.424,-0.504,0,0.267,45.7,-1.295,-0.323,-1.618,-1.315,-0.349,-0.449,0.783,11.815,2.135,0.196,0.619,10.3606,22,14.876,6,4.057,16,10.819,0,0,6,4.057
England,0,1,0,Mole Valley,E07000210,87253,258,338.19,-0.691,0.512,0.016,0.052,0.004,47.1,-1.577,-1.424,0.027,0,0.267,41.9,-1.295,-0.323,0.206,-0.438,-0.349,0.992,0.788,11.592,-0.559,0.196,0.619,10.2431,42,48.136,6,6.877,35,40.113,1,1.146,7,8.023
England,0,1,0,Reigate and Banstead,E07000211,147757,129,1145.403,-0.691,0.512,0.025,0.096,0.005,41.4,-1.577,-1.09,0.291,0,0.267,57.6,-1.295,-0.323,-0.535,-1.079,-0.349,0.04,0.81,10.283,-0.559,0.196,0.619,10.4995,85,57.527,28,18.95,56,37.9,1,0.677,29,19.627
England,0,1,0,Runnymede,E07000212,88000,78,1128.205,-0.691,0.514,0.039,0.113,0.006,38,-1.577,-0.423,-0.511,0,0.267,58.3,-1.295,-0.323,-0.94,-1.015,-0.349,-0.132,0.773,11.828,-0.559,0.196,0.619,11.1906,25,28.409,3,3.409,21,23.864,1,1.136,4,4.545
England,0,1,0,Spelthorne,E07000213,99334,45,2207.422,-0.691,0.506,0.008,0.129,0.008,41.7,-1.577,-0.089,-0.515,0,0.267,65,-1.295,-0.323,-0.189,-0.018,-0.349,0.136,0.75,11.931,-0.559,0.196,0.619,11.5693,37,37.248,11,11.074,24,24.161,2,2.013,13,13.087
England,0,1,0,Surrey Heath,E07000214,88874,95,935.516,-0.691,0.505,0.02,0.1,0.004,43.8,-1.577,-1.09,-0.939,0,0.267,43.2,-1.295,-0.323,-0.518,-1.246,-0.349,0.065,0.795,11.117,-0.559,0.196,0.619,10.8219,14,15.753,2,2.25,12,13.502,0,0,2,2.25
England,0,1,0,Tandridge,E07000215,87496,248,352.806,-0.691,0.513,0.025,0.063,0.005,44.2,-1.577,-0.757,0.59,0,0.267,53.3,-1.295,-0.323,-0.418,-1.2,-0.349,0.449,0.793,11.06,-0.559,0.196,0.619,10.1293,25,28.573,5,5.715,20,22.858,0,0,5,5.715
England,0,1,0,Waverley,E07000216,125610,345,364.087,-0.691,0.51,0.036,0.042,0.005,44.6,-1.577,-1.758,0.455,0,0.267,41,-1.295,-0.323,-0.068,-0.74,-0.349,0.757,0.798,11.186,-0.559,0.196,0.619,9.5288,32,25.476,12,9.553,19,15.126,0,0,13,10.349
England,0,1,0,Woking,E07000217,101167,64,1580.734,-0.691,0.501,0.009,0.166,0.011,40.8,-1.577,-1.09,-0.305,0,0.267,53.5,-1.295,-0.323,-1.113,-1.379,-0.349,-0.308,0.783,11.587,-0.559,0.196,0.619,10.79,15,14.827,4,3.954,11,10.873,0,0,4,3.954
England,0,1,0,North Warwickshire,E07000218,64850,284,228.345,-0.441,0.507,0.009,0.021,0.003,45.6,-0.499,-0.089,0.458,0,0,72.3,0.004,0.277,0.834,0.337,0.147,0.121,0.763,10.324,-0.559,-0.014,0.414,9.0412,24,37.008,4,6.168,20,30.84,0,0,4,6.168
England,0,1,0,Nuneaton and Bedworth,E07000219,128902,79,1631.671,-0.104,0.509,0.007,0.087,0.003,41.4,-0.499,0.578,-0.06,0,0,79.6,0.004,0.277,0.495,0.272,0.147,-0.18,0.78,10.311,-0.559,-0.014,0.414,9.5475,52,40.341,6,4.655,43,33.359,3,2.327,9,6.982
England,0,1,0,Rugby,E07000220,107194,351,305.396,-0.691,0.502,0.019,0.096,0.006,41.3,-0.499,0.578,0.446,0,0,66.2,0.004,0.277,-0.33,-0.534,0.147,0.009,0.785,10.058,-0.559,-0.014,0.414,9.3394,22,20.524,7,6.53,13,12.128,2,1.866,9,8.396
England,0,1,0,Stratford-on-Avon,E07000221,127580,978,130.45,-0.691,0.513,0.014,0.028,0.002,48.1,-0.499,-1.09,0.652,0,0,52.1,0.004,0.277,0.912,0.243,0.147,1.04,0.795,10.114,-0.559,-0.014,0.414,8.6291,40,31.353,6,4.703,30,23.515,1,0.784,10,7.838
England,0,1,0,Warwick,E07000222,142484,283,503.477,-0.691,0.5,0.022,0.11,0.003,39.8,-0.499,-1.09,-0.249,0,0,58.9,0.004,0.277,-1.095,-1.097,0.147,-0.184,0.775,10.468,-0.559,-0.014,0.414,9.3114,33,23.16,4,2.807,27,18.949,1,0.702,6,4.211
England,0,1,0,Adur,E07000223,63869,42,1520.69,-0.691,0.514,0.012,0.045,0.004,45.5,-0.463,-0.089,1.913,2124,0,57,0.149,0.301,0.47,1.436,0.184,1.112,0.818,11,-0.559,1.083,0.619,10.496,8,12.526,2,3.131,3,4.697,0,0,5,7.829
England,0,1,0,Arun,E07000224,159827,221,723.199,-0.286,0.519,0.025,0.031,0.005,49.4,-0.463,0.245,1.552,0,0.2,68.4,0.149,0.301,1.531,1.527,0.184,2.012,0.8,11.354,-0.559,1.083,0.619,9.6728,19,11.888,2,1.251,17,10.637,0,0,2,1.251
England,0,1,0,Chichester,E07000225,120750,786,153.626,-0.691,0.518,0.026,0.032,0.003,48.9,-0.463,-0.757,0.939,0,0.2,56.9,0.149,0.301,1.389,1.539,0.184,1.624,0.835,9.828,-0.559,1.083,0.619,9.3541,25,20.704,9,7.453,15,12.422,1,0.828,10,8.282
England,0,1,0,Crawley,E07000226,112448,45,2498.844,-0.546,0.498,0.007,0.202,0.012,37.2,-0.463,0.578,-0.383,0,0.2,71.9,0.149,0.301,-1.241,-0.204,0.184,-0.919,0.8,11.456,1.812,1.083,0.619,10.863,29,25.79,3,2.668,26,23.122,0,0,3,2.668
England,0,1,0,Horsham,E07000227,142217,530,268.334,-0.691,0.514,0.02,0.041,0.003,46.1,-0.463,-1.424,0.334,0,0.2,41.2,0.149,0.301,-0.042,-0.167,0.184,0.643,0.8,11.344,-0.559,1.083,0.619,9.7453,30,21.095,5,3.516,21,14.766,2,1.406,9,6.328
England,0,1,0,Mid Sussex,E07000228,149716,334,448.251,-0.691,0.513,0.018,0.051,0.004,43.7,-0.463,-1.424,0.261,0,0.2,49.3,0.149,0.301,-0.396,-1.07,0.184,0.387,0.81,10.903,-0.559,1.083,0.619,9.9458,51,34.064,16,10.687,35,23.378,0,0,16,10.687
England,0,1,0,Worthing,E07000229,110025,33,3334.091,-0.691,0.518,0.018,0.064,0.005,44.8,-0.463,-0.089,1.471,0,0.2,71.4,0.149,0.301,0.207,0.767,0.184,0.946,0.805,11.224,1.812,1.083,0.619,10.5026,14,12.724,4,3.636,10,9.089,0,0,4,3.636
England,0,1,0,Bromsgrove,E07000234,98662,217,454.664,-0.691,0.508,0.03,0.043,0.001,45.5,0.688,-1.09,0.828,0,0,58.5,0.396,1.34,0.259,-0.48,1.48,0.887,0.798,9.518,-0.559,0.1,0.414,8.8333,52,52.705,10,10.136,40,40.542,0,0,12,12.163
England,0,1,0,Malvern Hills,E07000235,78113,577,135.378,-0.48,0.513,0.03,0.025,0.003,50.5,0.688,-1.09,0.598,0,0,42.1,0.396,1.34,0.985,1.036,1.48,1.598,0.788,10.404,-0.559,0.1,0.414,7.967,17,21.763,5,6.401,11,14.082,1,1.28,6,7.681
England,0,1,0,Redditch,E07000236,84989,54,1573.87,0.174,0.503,0.006,0.08,0.006,40.1,0.688,0.912,-0.283,0,0,72.6,0.396,1.34,-0.261,0.296,1.48,-0.802,0.795,9.922,-0.559,0.1,0.414,8.6176,21,24.709,3,3.53,17,20.003,1,1.177,4,4.706
England,0,1,0,Worcester,E07000237,101891,33,3087.606,0.517,0.506,0.019,0.066,0.004,38.3,0.688,0.578,-0.536,0,0,77.7,0.396,1.34,-0.834,-0.796,1.48,-0.708,0.79,10.433,-0.559,0.1,0.414,8.875,18,17.666,1,0.981,15,14.722,0,0,3,2.944
England,0,1,0,Wychavon,E07000238,127340,664,191.777,-0.691,0.511,0.012,0.022,0.003,48,0.688,-0.089,0.353,0,0,50.2,0.396,1.34,0.745,0.402,1.48,0.92,0.795,10.585,-0.559,0.1,0.414,8.514,36,28.271,7,5.497,23,18.062,2,1.571,13,10.209
England,0,1,0,Wyre Forest,E07000239,101062,195,518.267,-0.106,0.507,0.01,0.028,0.003,46.5,0.688,0.578,0.766,0,0,75.1,0.396,1.34,1.893,1.183,1.48,0.639,0.78,10.45,-0.559,0.1,0.414,8.3133,40,39.58,6,5.937,32,31.664,2,1.979,8,7.916
England,0,1,0,St Albans,E07000240,147373,161,915.36,-0.691,0.51,,0.127,0.006,40.9,-0.737,-1.758,-0.72,0,0,51.5,-1.079,-0.188,-0.997,-1.139,-0.325,-0.167,0.793,10.7,-0.559,-0.326,0.455,10.4691,53,35.963,10,6.786,43,29.178,0,0,10,6.786
England,0,1,0,Welwyn Hatfield,E07000241,122746,130,944.2,-0.691,0.508,,0.167,0.006,35.4,-0.737,-0.423,-0.553,0,0,60.4,-1.079,-0.188,-1.648,-1.287,-0.325,-0.535,0.783,11.081,-0.559,-0.326,0.455,10.5818,44,35.846,9,7.332,32,26.07,2,1.629,12,9.776
England,0,1,0,East Hertfordshire,E07000242,148105,476,311.145,-0.691,0.51,,0.048,0.003,42.6,-0.737,-1.09,-0.315,0,0,50.3,-1.079,-0.188,-0.611,-1.145,-0.325,-0.342,0.78,11.014,-0.559,-0.326,0.455,10.0753,41,27.683,13,8.778,23,15.53,4,2.701,18,12.154
England,0,1,0,Stevenage,E07000243,87754,26,3375.154,-0.691,0.507,,0.125,0.006,38.1,-0.737,0.578,0.163,0,0,78.8,-1.079,-0.188,-0.423,-0.157,-0.325,-0.737,0.788,10.708,-0.559,-0.326,0.455,10.2074,15,17.093,3,3.419,12,13.675,0,0,3,3.419
England,0,1,0,East Suffolk,E07000244,248249,1262,196.711,-0.039,0.513,,,,48.9,,,,28268,0,,,,,,,,,,-0.559,,,9.6517,65,26.183,6,2.417,55,22.155,4,1.611,10,4.028
England,0,1,0,West Suffolk,E07000245,178881,1035,172.832,-0.691,0.496,,,,41.1,,,,0,0,,,,,,,,,,-0.559,,,,15,8.385,0,0,14,7.826,1,0.559,1,0.559
England,0,1,0,Somerset West and Taunton,E07000246,153866,1188,129.517,-0.367,0.515,,,,47.5,,,,0,0,,,,,,,,,,-0.559,,,6.2886,10,6.499,1,0.65,7,4.549,0,0,3,1.95
England,0,1,0,Bolton,E08000001,285372,140,2038.371,1.567,0.504,0.007,0.182,0.009,38.8,1.789,0.912,-0.526,0,0.2,97,0.77,0.113,-0.249,0.393,-0.006,-0.393,0.803,7.869,1.381,-0.144,0.39,8.4678,105,36.794,22,7.709,77,26.982,3,1.051,28,9.812
England,0,1,0,Bury,E08000002,190108,99,1920.283,0.26,0.51,0.011,0.162,0.006,40.4,0.569,0.245,-0.447,0,0.2,88,0.057,-0.126,0.668,0.179,-0.233,-0.292,0.778,8.572,-0.559,0.731,0.39,8.2247,84,44.185,12,6.312,68,35.769,3,1.578,16,8.416
England,0,1,0,Manchester,E08000003,547627,116,4720.922,3.424,0.493,0.044,0.339,0.019,30,-0.585,1.58,-1.911,6789,0.2,132.8,-1.531,-1.478,-1.86,-1.002,-1.179,-2.265,0.753,9.442,1.471,-1.711,0.39,8.679,152,27.756,21,3.835,123,22.461,7,1.278,29,5.296
England,0,1,0,Oldham,E08000004,235623,142,1659.317,2.211,0.507,0.008,0.225,0.016,37.1,1.398,1.246,-0.648,0,0.2,104.7,0.969,0.701,0.296,0.503,0.844,-0.476,0.828,6.428,-0.559,-0.238,0.39,8.2753,119,50.504,28,11.883,83,35.226,7,2.971,36,15.279
England,0,1,0,Rochdale,E08000005,220001,158,1392.411,2.149,0.506,0.01,0.184,0.011,38.1,1.3,1.58,-0.564,0,0.2,109.9,1.307,0.889,0.245,0.461,1,-0.538,0.785,7.831,-0.559,-0.763,0.39,8.0288,98,44.545,10,4.545,82,37.273,6,2.727,16,7.273
England,0,1,0,Salford,E08000006,254408,97,2622.763,2.163,0.495,0.024,0.13,0.008,35,1.096,1.58,-0.539,0,0.2,102.9,-1.267,-0.919,-0.6,0.109,-0.682,-0.975,0.753,9.6,1.453,-0.359,0.39,8.714,171,67.215,58,22.798,109,42.845,4,1.572,62,24.37
England,0,1,0,Stockport,E08000007,291775,126,2315.675,0.16,0.51,0.008,0.084,0.003,42.5,-0.311,-0.089,0.072,0,0.2,64.4,0.028,-0.589,0.219,0.281,-0.517,0.275,0.783,8.468,1.525,0.521,0.39,8.0512,121,41.47,30,10.282,86,29.475,5,1.714,35,11.996
England,0,1,0,Tameside,E08000008,225197,103,2186.379,1.266,0.509,0.007,0.091,0.006,40.2,0.379,1.58,0.561,0,0.2,102.6,0.696,0.216,0.531,0.76,0.116,-0.473,0.773,8.437,-0.559,0.188,0.39,8.3712,95,42.185,14,6.217,73,32.416,5,2.22,22,9.769
England,0,1,0,Trafford,E08000009,236370,106,2229.906,-0.209,0.511,0.006,0.155,0.005,40.6,-0.037,-0.757,-0.34,0,0.2,67,-0.574,0.145,-0.802,-0.324,0.08,-0.116,0.76,9.35,1.884,0.239,0.39,8.2388,67,28.345,11,4.654,51,21.576,2,0.846,16,6.769
England,0,1,0,Wigan,E08000010,326088,188,1734.511,0.879,0.501,0.006,0.027,0.003,42.2,1.202,0.245,0.456,0,0.2,93.5,-0.188,0.317,0.19,0.511,0.185,-0.453,0.755,9.281,-0.559,-0.097,0.39,7.961,95,29.133,8,2.453,85,26.067,1,0.307,10,3.067
England,0,1,0,Knowsley,E08000011,149571,87,1719.207,3.775,0.525,0.006,0.028,0.003,39.6,1.739,1.58,-0.106,0,0.067,99.6,0.383,0.924,0.581,1.726,1.052,-0.451,0.763,8.758,-0.559,-0.47,0.39,8.9456,52,34.766,3,2.006,47,31.423,2,1.337,5,3.343
England,0,1,0,Liverpool,E08000012,494814,112,4417.982,3.938,0.501,0.035,0.115,0.007,34.7,0.903,1.246,-0.803,32613,0.067,102,-1.112,-0.5,-0.699,0.176,-0.459,-1.157,0.768,8.583,1.561,-0.786,0.39,9.3334,294,59.416,52,10.509,219,44.259,16,3.234,75,15.157
England,0,1,0,St. Helens,E08000013,180049,136,1323.89,1.627,0.508,0.008,0.02,0.003,43,0.876,0.245,0.469,0,0.067,89,0.533,0.586,0.72,0.809,0.474,-0.017,0.748,9.363,-0.559,0.265,0.39,8.3773,63,34.99,11,6.109,49,27.215,3,1.666,14,7.776
England,0,1,0,Sefton,E08000014,275396,155,1776.748,1.222,0.519,0.015,0.027,0.004,46.4,0.324,-0.089,0.564,0,0.067,73,1.077,0.805,1.019,1.091,0.968,0.8,0.775,8.385,-0.559,1.118,0.39,7.8618,119,43.211,18,6.536,95,34.496,4,1.452,24,8.715
England,0,1,0,Wirral,E08000015,323235,157,2058.822,1.71,0.516,0.011,0.031,0.002,44.3,0.921,0.245,0.405,0,0.067,76.7,0.523,-0.141,0.582,0.945,-0.263,0.426,0.765,8.854,1.453,0.815,0.39,8.0131,164,50.737,29,8.972,127,39.29,5,1.547,37,11.447
England,0,1,0,Barnsley,E08000016,245199,329,745.286,1.38,0.506,0.007,0.022,0.003,42.5,3.662,1.246,0.276,0,0,86.1,0.342,0.117,1.021,1.045,0.009,-0.148,0.743,8.875,-0.559,-0.168,0.403,7.4596,68,27.733,11,4.486,50,20.392,5,2.039,18,7.341
England,0,1,0,Doncaster,E08000017,310542,568,546.729,1.565,0.503,0.017,0.048,0.005,41.3,2.251,1.58,0.208,0,0,80.3,0.386,0.594,0.811,1.051,0.487,-0.127,0.698,10.388,-0.559,0.296,0.403,8.5418,54,17.389,2,0.644,46,14.813,6,1.932,8,2.576
England,0,1,0,Rotherham,E08000018,264671,287,922.199,1.36,0.509,0.008,0.064,0.006,42.1,1.746,0.912,-0.137,0,0,85.1,0.52,0.525,0.879,0.744,0.328,-0.05,0.72,9.735,-0.559,0.912,0.403,7.9883,87,32.871,30,11.335,52,19.647,5,1.889,35,13.224
England,0,1,0,Sheffield,E08000019,582506,368,1582.897,1.57,0.502,0.025,0.164,0.013,35.4,-0.169,-0.089,-0.407,0,0,82.3,-0.825,-0.327,-0.2,-0.254,-0.35,-0.661,0.758,8.8,1.668,0.157,0.403,7.3962,145,24.892,47,8.069,94,16.137,2,0.343,51,8.755
England,0,1,0,Newcastle upon Tyne,E08000021,300196,113,2656.602,1.755,0.495,0.032,0.147,0.008,32.4,0.095,0.578,-0.962,0,0,89.1,-1.923,-0.78,-1.555,-0.466,-0.529,-1.107,0.743,9.053,1.453,-0.587,0.219,6.9836,91,30.314,30,9.993,57,18.988,2,0.666,34,11.326
England,0,1,0,North Tyneside,E08000022,205985,82,2512.012,0.18,0.516,0.008,0.034,0.002,43.4,1.402,-0.089,0.953,0,0,81,-0.24,0.879,0.494,0.513,0.984,0.012,0.708,9.439,-0.559,0.508,0.219,6.9409,37,17.962,9,4.369,26,12.622,1,0.485,11,5.34
England,0,1,0,South Tyneside,E08000023,150265,64,2347.891,1.641,0.515,0.009,0.041,0.004,43.5,2.188,0.912,0.656,0,0,71,0.701,1.152,0.899,1.31,1.209,0.09,0.705,9.786,-0.559,0.7,0.219,7.0342,40,26.62,6,3.993,33,21.961,1,0.665,7,4.658
England,0,1,0,Sunderland,E08000024,277417,137,2024.942,1.469,0.512,0.013,0.041,0.004,42.2,1.863,0.912,0.355,870,0,83.4,0.124,0.475,0.58,0.83,0.282,-0.25,0.733,8.428,1.237,0.208,0.219,7.0966,151,54.431,23,8.291,120,43.256,5,1.802,31,11.175
England,0,1,0,Birmingham,E08000025,1141374,268,4258.858,3.239,0.505,0.02,0.422,0.022,32.6,0.144,0.578,-1.923,0,0.067,96,1.929,-0.38,-0.503,-0.562,-0.437,-0.885,0.75,10.492,1.597,-1.119,0.414,10.1921,589,51.604,46,4.03,491,43.018,19,1.665,98,8.586
England,0,1,0,Coventry,E08000026,366785,99,3704.899,0.675,0.492,0.029,0.262,0.011,32.1,-0.246,0.578,-1.533,0,0.067,86.8,-0.422,-0.382,-1.115,-0.928,-0.443,-0.651,0.778,10.336,1.489,-1.268,0.414,10.2623,138,37.624,24,6.543,105,28.627,6,1.636,33,8.997
England,0,1,0,Dudley,E08000027,320626,98,3271.694,0.351,0.51,0.008,0.1,0.006,42.1,2.917,0.245,-0.209,0,0.067,69.8,0.867,1.232,1.481,0.319,1.355,0.284,0.773,10.126,1.74,0.453,0.414,9.6128,147,45.848,16,4.99,124,38.674,6,1.871,23,7.173
England,0,1,0,Sandwell,E08000028,327378,86,3806.721,1.201,0.504,0.007,0.301,0.013,36.5,1.124,1.246,-1.615,0,0.067,99.1,2.629,0.424,0.117,0.124,0.259,-0.347,0.763,10.199,-0.559,-0.904,0.414,10.6441,172,52.539,8,2.444,157,47.957,4,1.222,15,4.582
England,0,1,0,Solihull,E08000029,214909,178,1207.354,0.445,0.513,0.008,0.11,0.002,43.3,-0.609,-0.423,0.126,0,0.067,59.9,0.366,0.072,0.409,-0.179,-0.028,0.595,0.755,10.268,-0.559,0.074,0.414,9.566,102,47.462,14,6.514,80,37.225,6,2.792,22,10.237
England,0,1,0,Walsall,E08000030,283378,104,2724.788,1.816,0.508,0.007,0.211,0.009,38.2,1.768,1.246,-0.485,0,0.067,98,1.758,1.76,1.302,0.871,1.738,0.04,0.768,10.289,1.633,-0.119,0.414,10.2039,163,57.52,10,3.529,146,51.521,5,1.764,17,5.999
England,0,1,0,Wolverhampton,E08000031,262008,69,3797.217,1.296,0.503,0.016,0.32,0.009,37.7,2.67,0.912,-1.661,0,0.067,105,2.936,1.178,0.608,0.275,1.258,-0.087,0.78,10.122,1.561,0.08,0.414,9.3993,158,60.304,13,4.962,134,51.143,6,2.29,24,9.16
England,0,1,0,Bradford,E08000032,537173,366,1467.686,2.501,0.507,0.014,0.326,0.019,36.2,1.417,1.246,-1.125,0,0,101.6,1.892,-0.185,-0.337,0.006,-0.313,-0.619,0.788,7.489,1.525,-0.279,0.403,8.4106,126,23.456,16,2.979,92,17.127,13,2.42,34,6.329
England,0,1,0,Calderdale,E08000033,210082,364,577.148,0.796,0.509,0.007,0.104,0.006,42.2,0.871,0.912,0.075,0,0,95.6,0.553,0.05,0.428,0.646,-0.036,-0.253,0.805,7.103,-0.559,-0.446,0.403,7.8306,47,22.372,6,2.856,37,17.612,4,1.904,10,4.76
England,0,1,0,Kirklees,E08000034,438727,409,1072.682,0.448,0.504,0.013,0.209,0.010,39.4,0.48,0.578,-0.641,0,0,79.9,0.878,0.243,-0.18,0.029,0.122,-0.376,0.75,8.893,1.489,-0.423,0.403,8.057,111,25.3,15,3.419,87,19.83,9,2.051,24,5.47
England,0,1,0,Leeds,E08000035,789194,552,1429.699,1.559,0.509,0.027,0.158,0.008,35.4,0.175,0.912,-0.729,0,0,87.5,-0.995,-0.367,-1.102,-0.204,-0.419,-0.829,0.708,9.438,1.597,-0.494,0.403,8.9153,201,25.469,38,4.815,145,18.373,11,1.394,56,7.096
England,0,1,0,Wakefield,E08000036,345038,339,1017.811,0.811,0.509,0.011,0.046,0.005,41.8,1.575,0.912,0.226,0,0,90.3,0.266,0.254,1.101,0.671,0.138,-0.221,0.698,9.794,-0.559,-0.324,0.403,8.2056,120,34.779,20,5.796,89,25.794,5,1.449,31,8.985
England,0,1,0,Gateshead,E08000037,202508,142,1426.113,0.895,0.507,,0.051,0.004,41.3,1.504,0.578,0.195,0,0,89.4,-0.156,2.744,0.504,0.747,2.598,-0.134,0.748,8.376,1.201,0.711,0.219,6.9041,88,43.455,18,8.889,67,33.085,3,1.481,21,10.37
England,0,1,0,City of London,E09000001,8706,3,2902,-0.691,0.45,0.025,0.235,0.031,41,-2.712,-2.092,-0.712,0,0.467,49.5,-1.499,-1.14,,-1.307,-0.999,-1.268,0.725,12.363,1.884,-2.162,0.456,13.145,3,34.459,0,0,3,34.459,0,0,0,0
England,0,1,0,Barking and Dagenham,E09000002,211998,36,5888.833,-0.345,0.505,0.005,0.419,0.036,32.3,1.501,0.912,-2.568,0,0.467,97.6,0.428,-0.241,-0.615,-0.937,-0.333,-1.486,0.723,12.639,1.525,-2.172,0.456,13.0378,101,47.642,9,4.245,83,39.151,9,4.245,18,8.491
England,0,1,0,Barnet,E09000003,392140,87,4507.356,-0.646,0.504,0.011,0.497,0.029,37,-1.48,-0.757,-1.599,0,0.467,57.1,-0.061,-1.541,-1.199,-1.272,-1.29,-0.812,0.758,11.558,2.135,-0.512,0.456,11.7292,285,72.678,34,8.67,235,59.928,15,3.825,50,12.751
England,0,1,0,Bexley,E09000004,247258,61,4053.41,-0.691,0.517,0.005,0.182,0.010,38.8,0.291,-0.423,-0.226,0,0.467,61.6,-0.718,-0.026,1.126,-0.745,-0.116,-0.143,0.733,12.175,-0.559,-0.382,0.456,11.8266,119,48.128,13,5.258,102,41.252,3,1.213,17,6.875
England,0,1,0,Brent,E09000005,330795,43,7692.907,-0.141,0.49,0.007,0.65,0.066,35.3,-0.733,0.245,-2.867,0,0.467,90.3,3.81,-1.028,-1.659,-1.296,-0.82,-1.559,0.743,11.896,2.135,-1.452,0.456,12.1293,286,86.458,17,5.139,252,76.18,15,4.535,34,10.278
England,0,1,0,Bromley,E09000006,331096,150,2207.307,-0.642,0.519,0.008,0.16,0.007,40.6,-1.097,-0.757,-0.208,0,0.467,52.5,-0.7,-0.101,0.126,-0.635,-0.228,0.044,0.763,11.438,2.064,0.179,0.456,10.9553,146,44.096,21,6.343,118,35.639,6,1.812,28,8.457
England,0,1,0,Camden,E09000007,262226,22,11919.364,-0.691,0.495,0.036,0.379,0.043,33.9,-2.599,-0.089,-0.992,0,0.467,61.4,-1.095,-1.768,-1.6,-1.262,-1.684,-2.013,0.735,12.036,1.884,-1.516,0.456,12.5071,87,33.177,6,2.288,74,28.22,5,1.907,13,4.958
England,0,1,0,Croydon,E09000008,385346,86,4480.767,-0.475,0.514,0.009,0.451,0.023,37.4,-0.768,-0.089,-1.502,0,0.467,71.1,2.366,0.117,0,-0.818,0.011,-1.076,0.763,11.415,1.884,-1.177,0.456,11.6597,243,63.06,33,8.564,203,52.68,5,1.298,40,10.38
England,0,1,0,Ealing,E09000009,341982,56,6106.821,-0.497,0.497,0.011,0.513,0.046,36.7,-0.508,-0.423,-2.499,0,0.467,77,2.823,-1.279,-0.924,-1.393,-1.013,-1.461,0.743,11.975,-0.559,-1.965,0.456,12.1337,223,65.208,50,14.621,150,43.862,12,3.509,73,21.346
England,0,1,0,Enfield,E09000010,333869,81,4121.84,-0.172,0.511,0.008,0.403,0.032,36.1,0.209,0.578,-1.682,0,0.467,70.1,0.994,-1.036,-0.058,-0.897,-0.829,-1.144,0.75,12.046,-0.559,-1.059,0.456,12.1101,200,59.904,32,9.585,148,44.329,19,5.691,52,15.575
England,0,1,0,Greenwich,E09000011,286186,47,6089.064,-0.628,0.496,0.018,0.377,0.034,34.7,-0.073,0.578,-1.646,0,0.467,84.1,-0.551,-1.393,-0.651,-1.147,-1.06,-1.82,0.733,12.225,1.884,-1.99,0.456,12.3659,139,48.57,8,2.795,127,44.377,4,1.398,12,4.193
England,0,1,0,Hackney,E09000012,279665,19,14719.211,0.366,0.502,0.007,0.504,0.048,33,-0.249,1.58,-1.58,0,0.467,107.1,0.555,-1.972,-2.558,-1.792,-1.786,-2.967,0.73,12.379,1.884,-2.54,0.456,12.8978,142,50.775,14,5.006,114,40.763,12,4.291,28,10.012
England,0,1,0,Hammersmith and Fulham,E09000013,185426,16,11589.125,-0.607,0.506,0.01,0.325,0.036,34.8,-2.631,0.245,-2.025,0,0.467,68.6,-1.195,-2.18,-1.991,-1.34,-2.094,-2.543,0.728,12.488,1.884,-2.228,0.456,12.6614,98,52.851,26,14.022,62,33.437,9,4.854,36,19.415
England,0,1,0,Haringey,E09000014,270624,30,9020.8,0.228,0.495,0.007,0.42,0.053,35.4,-0.097,1.58,-1.632,0,0.467,84.1,0.596,-1.395,-1.136,-1.49,-1.065,-2.389,0.74,12.161,-0.559,-1.995,0.456,12.5419,164,60.601,5,1.848,145,53.58,12,4.434,19,7.021
England,0,1,0,Harrow,E09000015,250149,50,5002.98,-0.691,0.5,0.009,0.62,0.031,38,-1.253,-1.09,-2.964,0,0.467,55.4,2.835,-0.334,-1.073,-1.466,-0.373,-0.225,0.758,11.593,2.279,-0.956,0.456,11.2865,230,91.945,17,6.796,195,77.954,16,6.396,35,13.992
England,0,1,0,Havering,E09000016,257810,112,2301.875,-0.627,0.519,0.007,0.128,0.007,39.2,-0.244,-0.423,-0.426,0,0.467,66.9,-0.256,0.604,0.783,-0.283,0.515,0.274,0.725,12.439,1.848,-0.272,0.456,11.4503,153,59.346,17,6.594,133,51.588,3,1.164,20,7.758
England,0,1,0,Hillingdon,E09000017,304824,116,2627.793,-0.691,0.498,0.024,0.4,0.027,35.9,-1.213,-0.423,-1.911,0,0.467,72.3,0.026,-0.062,-0.263,-1.374,-0.166,-0.851,0.765,11.915,2.135,-0.961,0.456,11.3836,158,51.833,14,4.593,133,43.632,6,1.968,25,8.201
England,0,1,0,Hounslow,E09000018,270782,56,4835.393,-0.624,0.491,0.008,0.488,0.040,36,-0.052,-0.089,-2.411,0,0.467,81.9,1.306,-0.801,-1.044,-1.549,-0.617,-1.475,0.743,12.113,2.423,-1.766,0.456,11.9127,118,43.577,2,0.739,101,37.299,9,3.324,17,6.278
England,0,1,0,Islington,E09000019,239142,15,15942.8,-0.227,0.497,0.029,0.327,0.030,32.1,-1.555,0.912,-1.381,0,0.467,84.3,-1.786,-1.502,-2.4,-1.657,-1.214,-2.661,0.735,12.167,1.884,-1.69,0.456,12.9434,86,35.962,21,8.781,60,25.09,5,2.091,26,10.872
England,0,1,0,Kensington and Chelsea,E09000020,156197,12,13016.417,0.14,0.498,0.017,0.313,0.030,39.4,-2.464,0.245,-0.726,0,0.467,42.5,-0.088,-2.064,-1.781,-0.734,-1.929,-1.738,0.725,12.433,1.884,-1.381,0.456,12.9743,82,52.498,15,9.603,57,36.492,8,5.122,25,16.005
England,0,1,0,Kingston upon Thames,E09000021,175470,37,4742.432,-0.691,0.506,0.023,0.26,0.012,37.2,-2.221,-0.423,-1.043,0,0.467,56.5,-2.595,-1.373,-1.125,-1.688,-1.02,-1.014,0.75,12.157,-0.559,-1.461,0.456,11.5436,54,30.774,11,6.269,40,22.796,3,1.71,14,7.979
England,0,1,0,Lambeth,E09000022,325917,27,12071,-0.691,0.497,0.01,0.432,0.035,33.1,-1.552,0.912,-1.79,0,0.467,97.2,0.33,-1.921,-1.99,-1.844,-1.759,-2.825,0.728,12.39,1.884,-2.284,0.456,12.7253,165,50.626,13,3.989,141,43.263,7,2.148,24,7.364
England,0,1,0,Lewisham,E09000023,303536,35,8672.457,-0.409,0.506,0.009,0.467,0.032,35,-0.667,0.912,-1.301,0,0.467,79.4,1.131,-1.804,-1.279,-1.408,-1.7,-2.11,0.733,12.339,1.884,-1.801,0.456,12.3577,171,56.336,4,1.318,153,50.406,12,3.953,18,5.93
England,0,1,0,Merton,E09000024,206186,38,5425.947,-0.691,0.507,0.007,0.355,0.023,37.1,-2.073,-0.423,-1.596,0,0.467,66.7,-0.645,-0.937,-0.217,-1.848,-0.697,-1.35,0.743,12.25,-0.559,-1.217,0.456,12.2926,115,55.775,13,6.305,87,42.195,13,6.305,28,13.58
England,0,1,0,Newham,E09000025,352005,36,9777.917,-0.459,0.47,0.006,0.711,0.089,31.9,0.315,0.578,-3.513,0,0.467,99.7,2.426,-1.583,-1.771,-2.101,-1.295,-2.637,0.718,12.708,-0.559,-2.708,0.456,13.4912,198,56.249,24,6.818,151,42.897,18,5.114,47,13.352
England,0,1,0,Redbridge,E09000026,303858,56,5426.036,-0.691,0.494,0.006,0.609,0.032,35.5,-0.732,-1.09,-2.702,0,0.467,77.9,2.541,-0.322,-1.63,-1.668,-0.343,-0.754,0.735,12.319,1.92,-1.442,0.456,12.6684,167,54.96,4,1.316,152,50.023,10,3.291,15,4.937
England,0,1,0,Richmond upon Thames,E09000027,196904,57,3454.456,-0.691,0.514,0.015,0.148,0.007,40.7,-2.779,-1.424,-0.035,0,0.467,51.3,-2.046,-1.382,-0.709,-1.246,-1.054,-0.819,0.745,12.081,2.064,-0.833,0.456,11.5854,72,36.566,11,5.586,54,27.425,6,3.047,18,9.142
England,0,1,0,Southwark,E09000028,317256,29,10939.862,-0.405,0.501,0.02,0.461,0.047,33.4,-0.552,0.245,-1.952,0,0.467,76.2,0.126,-1.592,-2.362,-1.813,-1.667,-2.746,0.728,12.397,1.884,-2.25,0.456,12.6851,154,48.541,31,9.771,112,35.303,10,3.152,42,13.239
England,0,1,0,Sutton,E09000029,204525,44,4648.295,-0.612,0.512,0.008,0.216,0.009,39.2,-0.905,-0.423,-0.414,0,0.467,57.5,-1.003,-0.537,0.354,-1.089,-0.484,-0.534,0.76,11.667,1.992,-0.078,0.456,11.4547,95,46.449,12,5.867,79,38.626,2,0.978,16,7.823
England,0,1,0,Tower Hamlets,E09000030,317705,20,15885.25,-0.559,0.478,0.015,0.553,0.068,31.3,-1.509,0.912,-2.422,0,0.467,93.4,-0.373,-1.994,-2.834,-2.311,-1.866,-3.103,0.718,12.607,1.884,-2.581,0.456,12.8954,129,40.604,17,5.351,95,29.902,15,4.721,34,10.702
England,0,1,0,Waltham Forest,E09000031,276700,39,7094.872,-0.493,0.496,0.006,0.482,0.050,34.9,-1.003,0.912,-1.613,0,0.467,86.5,1.996,-1.17,-1.518,-1.24,-1.002,-1.826,0.738,12.297,-0.559,-1.876,0.456,13.0601,146,52.765,3,1.084,129,46.621,12,4.337,17,6.144
England,0,1,0,Wandsworth,E09000032,326474,34,9602.176,-0.691,0.52,0.017,0.291,0.022,33.9,-2.29,-0.423,-1.395,0,0.467,75.7,-2.03,-1.877,-2.543,-2.163,-1.706,-2.534,0.73,12.354,1.884,-2.028,0.456,12.37,133,40.738,15,4.595,103,31.549,9,2.757,30,9.189
England,0,1,0,Westminster,E09000033,255324,21,12158.286,-0.468,0.477,0.028,0.414,0.040,36.1,-2.114,-0.089,-1.487,0,0.467,59.6,-0.502,-2.184,-2.133,-1.272,-2.706,-1.942,0.728,12.29,1.884,-1.624,0.456,12.9499,117,45.824,17,6.658,92,36.033,7,2.742,25,9.791
Wales,0,0,1,Isle of Anglesey,W06000001,69961,711,98.398,-0.933,0.508,0.012,0.018,0.003,47.9,-0.187,-0.155,-1.113,5222,0,80.9,-0.94,-0.079,0.526,0.912,0.82,0.903,0.805,8.288,-0.559,0.913,0.55,6.1792,2,2.859,0,0,2,2.859,0,0,0,0
Wales,0,0,1,Gwynedd,W06000002,124178,2535,48.985,-0.866,0.505,0.032,0.036,0.004,43.2,-0.89,-1.864,-1.385,0,0,75.6,-0.7,-0.079,0.526,0.912,0.82,0.903,0.933,5.051,-0.559,0.913,0.3,6.3476,22,17.717,8,6.442,11,8.858,3,2.416,11,8.858
Wales,0,0,1,Conwy,W06000003,117181,1126,104.068,-0.454,0.513,0.023,0.024,0.002,49.4,-0.651,1.553,-0.569,0,0,83.5,-1.02,-0.079,0.526,0.912,0.82,0.903,0.848,6.782,-0.559,0.913,0.55,6.6505,11,9.387,1,0.853,10,8.534,0,0,1,0.853
Wales,0,0,1,Denbighshire,W06000004,95330,837,113.895,0.463,0.507,0.013,0.027,0.003,46.6,-0.637,-1.864,1.879,0,0,94.8,-0.94,-0.079,0.526,0.912,0.82,0.903,0.795,8.382,-0.559,0.913,0.6,6.9297,18,18.882,3,3.147,14,14.686,1,1.049,4,4.196
Wales,0,0,1,Flintshire,W06000005,155593,437,356.048,-0.792,0.507,0.005,0.016,0.003,43.9,-0.287,0.699,-0.841,0,0,82.3,-0.7,-0.079,0.526,0.912,0.82,0.903,0.798,7.876,-0.559,0.913,0.45,7.3278,45,28.922,2,1.285,43,27.636,0,0,2,1.285
Wales,0,0,1,Wrexham,W06000006,136126,504,270.091,-0.251,0.498,0.012,0.032,0.004,42.2,0.139,0.699,0.519,0,0,88.3,-1.17,-0.079,0.526,0.912,0.82,0.903,0.775,10.068,-0.559,0.913,0.7,7.4746,11,8.081,3,2.204,7,5.142,1,0.735,4,2.938
Wales,0,0,1,Ceredigion,W06000008,72992,1786,40.869,-0.947,0.503,0.059,0.033,0.004,46.1,-1.255,-0.155,1.335,0,0,65.9,-1.09,1.647,0.566,-0.067,1.116,-0.143,0.868,7.626,-0.559,0.493,0.3,6.4095,4,5.48,0,0,2,2.74,2,2.74,2,2.74
Wales,0,0,1,Pembrokeshire,W06000009,125055,1619,77.242,-0.454,0.51,0.015,0.019,0.003,48,-0.012,0.272,1.335,30935,0,81.2,0.4,1.647,0.566,-0.067,1.116,-0.143,0.813,9.554,-0.559,0.493,0.55,7.12,10,7.996,0,0,9,7.197,1,0.8,1,0.8
Wales,0,0,1,Carmarthenshire,W06000010,187568,2370,79.143,-0.62,0.511,0.014,0.019,0.003,46.3,-0.003,-0.582,0.247,0,0,94.3,0.16,1.647,0.566,-0.067,1.116,-0.143,0.85,9.085,-0.559,0.493,0.45,7.2823,24,12.795,8,4.265,13,6.931,3,1.599,11,5.865
Wales,0,0,1,Swansea,W06000011,246466,380,648.595,0.38,0.501,0.019,0.061,0.004,39.6,-0.261,-0.155,0.791,0,0,90.3,-0.07,-0.596,-0.591,-0.428,-0.341,0.289,0.848,9.063,-0.559,0.378,0.45,7.933,67,27.184,6,2.434,53,21.504,1,0.406,14,5.68
Wales,0,0,1,Neath Port Talbot,W06000012,142906,441,324.05,0.935,0.507,0.008,0.02,0.002,43.3,0.792,1.553,0.791,6635,0,97.9,0.87,-0.596,-0.591,-0.428,-0.341,0.289,0.858,8.524,-0.559,0.378,0.3,7.7426,32,22.392,4,2.799,28,19.593,0,0,4,2.799
Wales,0,0,1,Bridgend,W06000013,144876,251,577.195,-0.285,0.504,0.017,0.022,0.002,43.2,-0.101,-0.155,-1.929,0,0,84.2,0.16,-0.596,-0.591,-0.428,-0.341,0.289,0.845,8.704,-0.559,0.378,0.45,7.7151,37,25.539,12,8.283,19,13.115,5,3.451,18,12.424
Wales,0,0,1,Vale of Glamorgan,W06000014,132165,331,399.29,-0.715,0.515,0.016,0.036,0.002,43.7,-1.269,0.272,0.247,0,0,58.2,-0.47,-2.103,-2.785,-2.33,-1.686,-1.875,0.833,9.504,-0.559,-0.969,0.55,7.7669,44,33.292,1,0.757,37,27.995,4,3.027,7,5.296
Wales,0,0,1,Cardiff,W06000015,364248,141,2583.319,1.34,0.504,0.033,0.155,0.010,33.6,-1.159,-1.01,-0.025,1770,0,79.1,-0.07,-2.103,-2.785,-2.33,-1.686,-1.875,0.82,10.007,1.74,-0.969,0.55,9.4365,138,37.886,56,15.374,65,17.845,14,3.844,73,20.041
Wales,0,0,1,Rhondda Cynon Taf,W06000016,240131,424,566.347,1.241,0.51,0.011,0.027,0.003,40.6,1.463,0.272,-0.841,0,0,94.7,0.4,0.129,0.624,1.377,-0.926,-0.199,0.835,8.892,-0.559,-2.416,0.3,7.9413,103,42.893,26,10.827,73,30.4,4,1.666,30,12.493
Wales,0,0,1,Caerphilly,W06000018,181019,277,653.498,0.168,0.51,0.006,0.017,0.003,41.6,1.636,0.699,0.247,0,0,98.2,1.57,-0.084,0.045,-0.396,-0.737,-0.195,0.833,9.16,-0.559,-0.402,0.45,8.2005,80,44.194,9,4.972,68,37.565,3,1.657,12,6.629
Wales,0,0,1,Blaenau Gwent,W06000019,69713,109,639.569,0.562,0.507,0.008,0.015,0.004,42.9,1.382,0.699,-0.297,0,0,116.4,2.67,-0.084,0.045,-0.396,-0.737,-0.195,0.865,8.281,-0.559,-0.402,0.45,7.8552,33,47.337,12,17.213,21,30.124,0,0,12,17.213
Wales,0,0,1,Torfaen,W06000020,93049,126,738.484,-0.544,0.513,0.008,0.02,0.005,42.4,1.033,-1.437,1.063,0,0,97.1,0.55,-0.084,0.045,-0.396,-0.737,-0.195,0.843,8.997,-0.559,-0.402,0.45,8.3212,37,39.764,1,1.075,35,37.615,1,1.075,2,2.149
Wales,0,0,1,Monmouthshire,W06000021,94142,849,110.886,-1.256,0.508,0.018,0.02,0.004,48.6,-1.21,-0.155,0.519,0,0,73.6,-0.47,-0.084,0.045,-0.396,-0.737,-0.195,0.81,10.329,-0.559,-0.402,0.7,7.9873,29,30.805,3,3.187,23,24.431,3,3.187,6,6.373
Wales,0,0,1,Newport,W06000022,153302,191,802.628,2.193,0.508,0.011,0.101,0.006,38.8,0.338,0.272,-0.297,2819,0,95.5,1.18,-0.084,0.045,-0.396,-0.737,-0.195,0.818,10.026,-0.559,-0.402,0.55,9.2658,72,46.966,8,5.218,62,40.443,1,0.652,10,6.523
Wales,0,0,1,Powys,W06000023,132447,5181,25.564,-1.076,0.505,0.015,0.017,0.003,49.9,-0.843,-1.01,-0.297,0,0,76.3,-1.09,1.689,1.019,-0.102,1.664,1.22,0.88,7.067,-0.559,0.69,0.45,6.5488,27,20.386,9,6.795,16,12.08,1,0.755,11,8.305
Wales,0,0,1,Merthyr Tydfil,W06000024,60183,111,542.189,1.91,0.509,0.008,0.024,0.003,40.5,1.982,1.553,-1.385,0,0,112.3,0.79,0.129,0.624,1.377,-0.926,-0.199,0.848,8.51,-0.559,-2.416,0.45,7.9388,24,39.878,12,19.939,11,18.278,1,1.662,13,21.601
